mutation_id,chromosome,position,ref_counts,var_counts,normal_cn,minor_cn,mut_cn,major_cn,total_cn,trinucleotide,annotation
mut_2,1,10,385,94,2,1,1,2,3,46,SBS10b-target
mut_3,1,15,285,170,2,0,2,2,2,45,other-11
mut_4,1,20,151,86,2,1,2,2,3,35,SBS13-target
mut_5,1,25,179,78,2,1,2,2,3,15,other-14
mut_6,1,30,153,40,2,1,1,2,3,34,SBS56-target
mut_7,1,35,72,14,2,1,1,1,2,15,SBS35-target
mut_8,1,40,147,80,2,1,2,2,3,38,SBS7b-target
mut_9,1,45,250,21,2,0,1,2,2,15,SBS24-target
mut_10,1,50,210,39,2,1,1,1,2,44,SBS2-target
mut_11,1,55,70,10,2,2,2,2,4,46,SBS10b-target
mut_12,1,60,68,9,2,2,1,2,4,5,SBS60-target
mut_13,1,65,303,14,2,1,1,2,3,44,SBS84-target
mut_14,1,70,291,161,2,1,2,2,3,55,other-4
mut_15,1,75,151,49,2,1,1,2,3,47,SBS84-target
mut_16,1,80,220,42,2,1,1,1,2,15,SBS60-target
mut_17,1,85,402,93,2,1,1,1,2,44,SBS2-target
mut_18,1,90,149,141,2,0,1,1,1,7,SBS51-target
mut_19,1,95,201,106,2,0,1,1,1,76,SBS84-target
mut_20,1,100,29,37,2,1,1,1,2,62,SBS8-target
mut_21,1,105,220,197,2,0,1,1,1,33,other-5
mut_22,1,110,143,257,2,1,2,2,3,54,SBS31-target
mut_23,1,115,74,13,2,2,1,3,5,4,SBS33-target
mut_24,1,120,88,24,2,0,1,2,2,12,SBS6-target
mut_25,1,125,234,124,2,1,2,2,3,15,SBS35-target
mut_26,1,130,156,99,2,1,2,2,3,33,other-14
mut_27,1,135,193,35,2,1,1,1,2,12,SBS1-target
mut_28,1,140,89,42,2,1,2,2,3,15,SBS10a-target
mut_29,1,145,40,13,2,1,1,1,2,38,SBS1-target
mut_30,1,150,168,28,2,1,1,1,2,9,SBS4-target
mut_31,1,155,181,26,2,2,1,2,4,4,SBS85-target
mut_32,1,160,90,30,2,1,1,1,2,63,SBS27-target
mut_33,1,165,226,134,2,0,1,1,1,46,other-11
mut_34,1,170,359,33,2,1,1,3,4,15,SBS47-target
mut_35,1,175,154,25,2,2,1,2,4,3,SBS26-target
mut_36,1,180,189,48,2,1,1,2,3,47,SBS10b-target
mut_37,1,185,186,137,2,0,1,1,1,32,SBS1-target
mut_38,1,190,79,38,2,0,1,2,2,42,SBS14-target
mut_39,1,195,389,107,2,1,1,2,3,45,SBS11-target
mut_40,1,200,213,90,2,0,1,1,1,44,SBS57-target
mut_41,1,205,280,20,2,1,1,1,2,41,SBS11-target
mut_42,1,210,141,62,2,1,2,2,3,37,SBS28-target
mut_43,1,215,92,24,2,1,2,2,3,39,SBS13-target
mut_44,1,220,385,97,2,1,1,1,2,33,other-13
mut_45,1,225,345,108,2,1,1,1,2,12,SBS28-target
mut_46,1,230,238,106,2,0,1,2,2,34,SBS1-target
mut_47,1,235,47,14,2,0,1,1,1,15,SBS59-target
mut_48,1,240,154,24,2,1,1,2,3,1,SBS39-target
mut_49,1,245,53,53,2,0,2,2,2,42,other-12
mut_50,1,250,161,40,2,0,1,1,1,39,SBS11-target
mut_51,1,255,78,13,2,1,1,1,2,15,SBS55-target
mut_52,1,260,313,74,2,1,1,1,2,43,SBS54-target
mut_53,1,265,327,56,2,1,1,1,2,44,SBS44-target
mut_54,1,270,80,109,2,0,1,1,1,42,SBS3-target
mut_55,1,275,102,13,2,0,1,2,2,46,SBS31-target
mut_56,1,280,373,94,2,1,2,2,3,47,SBS50-target
mut_57,1,285,401,55,2,1,1,1,2,46,SBS42-target
mut_58,1,290,130,52,2,0,1,1,1,83,SBS34-target
mut_59,1,295,97,127,2,1,1,1,2,12,SBS4-target
mut_60,1,300,126,126,2,1,2,2,3,47,SBS17b-target
mut_61,1,305,175,36,2,1,1,2,3,12,SBS17b-target
mut_62,1,310,90,11,2,2,1,2,4,44,SBS14-target
mut_63,1,315,370,67,2,1,2,3,4,37,SBS24-target
mut_64,1,320,337,75,2,1,2,2,3,15,SBS84-target
mut_65,1,325,232,81,2,1,1,2,3,42,other-10
mut_66,1,330,81,34,2,0,1,1,1,15,SBS50-target
mut_67,1,335,171,139,2,0,2,2,2,15,SBS21-target
mut_68,1,340,186,167,2,1,2,2,3,46,SBS23-target
mut_69,1,345,60,23,2,0,1,1,1,37,SBS47-target
mut_70,1,350,264,181,2,1,1,1,2,33,SBS5-target
mut_71,1,355,166,52,2,0,2,2,2,47,SBS57-target
mut_72,1,360,347,105,2,0,2,2,2,47,SBS29-target
mut_73,1,365,185,105,2,0,2,2,2,3,SBS21-target
mut_74,1,370,210,115,2,1,2,2,3,58,SBS23-target
mut_75,1,375,287,55,2,1,1,1,2,42,SBS17a-target
mut_76,1,380,71,13,2,0,1,1,1,44,other-13
mut_77,1,385,374,66,2,1,1,1,2,5,SBS12-target
mut_78,1,390,206,43,2,1,1,1,2,44,SBS30-target
mut_79,1,395,184,31,2,1,1,1,2,15,SBS57-target
mut_80,1,400,309,48,2,1,1,1,2,47,SBS2-target
mut_81,1,405,26,32,2,1,2,2,3,59,SBS32-target
mut_82,1,410,336,108,2,0,1,2,2,15,SBS23-target
mut_83,1,415,261,162,2,0,1,1,1,72,SBS34-target
mut_84,1,420,128,15,2,1,1,1,2,33,SBS11-target
mut_85,1,425,245,65,2,0,1,1,1,47,SBS10b-target
mut_86,1,430,38,18,2,1,1,1,2,95,SBS22-target
mut_87,1,435,278,63,2,1,1,1,2,15,SBS9-target
mut_88,1,440,131,50,2,1,1,1,2,34,other-12
mut_89,1,445,351,39,2,0,1,2,2,44,SBS2-target
mut_90,1,450,113,36,2,1,1,1,2,2,SBS4-target
mut_91,1,455,222,97,2,1,1,2,3,40,SBS29-target
mut_92,1,460,127,101,2,1,2,3,4,34,SBS31-target
mut_93,1,465,431,67,2,1,1,2,3,63,SBS29-target
mut_94,1,470,201,25,2,1,1,1,2,44,SBS43-target
mut_95,1,475,316,43,2,1,1,1,2,46,SBS42-target
mut_96,1,480,117,47,2,1,1,1,2,43,SBS11-target
mut_97,1,485,78,12,2,1,1,1,2,44,other-13
mut_98,1,490,291,49,2,1,1,1,2,44,SBS15-target
mut_99,1,495,156,54,2,0,2,2,2,15,SBS29-target
mut_100,1,500,189,40,2,1,1,1,2,44,SBS2-target
mut_101,1,505,372,59,2,1,1,1,2,32,SBS12-target
mut_102,1,510,252,221,2,1,2,2,3,45,SBS30-target
mut_103,1,515,91,47,2,1,2,3,4,33,SBS2-target
mut_104,1,520,286,81,2,1,1,1,2,46,SBS36-target
mut_105,1,525,84,322,2,0,1,1,1,46,SBS41-target
mut_106,1,530,89,41,2,1,1,1,2,63,other-14
mut_107,1,535,308,117,2,0,1,1,1,15,other-5
mut_108,1,540,354,75,2,0,1,1,1,15,SBS22-target
mut_109,1,545,102,48,2,0,1,1,1,15,SBS8-target
mut_110,1,550,159,102,2,1,1,1,2,44,SBS59-target
mut_111,1,555,315,84,2,0,1,2,2,60,SBS58-target
mut_112,1,560,169,138,2,1,1,1,2,43,SBS47-target
mut_113,1,565,200,14,2,1,1,1,2,15,SBS3-target
mut_114,1,570,384,46,2,1,1,2,3,44,other-3
mut_115,1,575,262,35,2,1,2,2,3,44,SBS4-target
mut_116,1,580,54,19,2,1,2,2,3,12,SBS47-target
mut_117,1,585,207,46,2,2,3,3,5,45,SBS2-target
mut_118,1,590,289,41,2,1,1,2,3,47,SBS37-target
mut_119,1,595,147,52,2,1,1,1,2,15,other-3
mut_120,1,600,202,64,2,1,1,1,2,15,SBS23-target
mut_121,1,605,196,78,2,1,1,1,2,31,SBS33-target
mut_122,1,610,148,69,2,1,1,1,2,42,SBS1-target
mut_123,1,615,321,91,2,1,1,2,3,35,other-12
mut_124,1,620,190,107,2,1,1,2,3,45,SBS43-target
mut_125,1,625,59,9,2,1,1,1,2,33,SBS39-target
mut_126,1,630,321,89,2,1,1,1,2,61,SBS14-target
mut_127,1,635,166,64,2,0,1,1,1,69,SBS1-target
mut_128,1,640,214,154,2,0,2,2,2,15,SBS56-target
mut_129,1,645,128,20,2,1,1,1,2,44,other-3
mut_130,1,650,198,24,2,1,1,1,2,15,SBS12-target
mut_131,1,655,250,69,2,0,1,1,1,47,SBS49-target
mut_132,1,660,56,16,2,1,1,2,3,41,SBS11-target
mut_133,1,665,139,20,2,1,2,2,3,41,SBS25-target
mut_134,1,670,331,31,2,1,1,1,2,42,SBS18-target
mut_135,1,675,268,22,2,1,1,1,2,45,other-9
mut_136,1,680,262,41,2,1,1,2,3,12,SBS13-target
mut_137,1,685,96,16,2,1,1,1,2,15,SBS4-target
mut_138,1,690,51,16,2,2,1,2,4,53,SBS4-target
mut_139,1,695,247,183,2,0,2,2,2,34,SBS1-target
mut_140,1,700,198,51,2,1,2,3,4,15,SBS10a-target
mut_141,1,705,373,73,2,1,2,2,3,12,SBS32-target
mut_142,1,710,399,35,2,1,1,2,3,47,SBS7b-target
mut_143,1,715,194,41,2,1,1,1,2,70,SBS59-target
mut_144,1,720,388,45,2,1,1,1,2,46,SBS17a-target
mut_145,1,725,424,60,2,1,1,1,2,40,SBS11-target
mut_146,1,730,218,39,2,1,1,1,2,33,SBS11-target
mut_147,1,735,265,65,2,0,3,3,3,35,SBS38-target
mut_148,1,740,80,14,2,1,1,1,2,42,SBS1-target
mut_149,1,745,256,77,2,1,1,1,2,47,SBS26-target
mut_150,1,750,172,69,2,1,1,1,2,47,SBS7c-target
mut_151,1,755,261,149,2,0,1,2,2,37,other-6
mut_152,1,760,98,45,2,1,1,1,2,42,other-13
mut_153,1,765,327,43,2,1,1,1,2,15,other-8
mut_154,1,770,95,25,2,1,1,1,2,47,SBS2-target
mut_155,1,775,82,13,2,1,1,1,2,15,SBS53-target
mut_156,1,780,202,52,2,1,1,2,3,34,SBS51-target
mut_157,1,785,291,130,2,1,1,1,2,42,SBS27-target
mut_158,1,790,171,105,2,0,2,2,2,44,SBS32-target
mut_159,1,795,255,79,2,0,1,3,3,63,SBS8-target
mut_160,1,800,166,50,2,0,1,1,1,44,SBS18-target
mut_161,1,805,50,27,2,0,1,1,1,15,SBS35-target
mut_162,1,810,247,36,2,1,1,2,3,68,SBS14-target
mut_163,1,815,85,23,2,1,2,2,3,44,other-8
mut_164,1,820,300,111,2,0,2,2,2,37,SBS11-target
mut_165,1,825,351,100,2,0,1,1,1,32,SBS60-target
mut_166,1,830,190,78,2,1,1,1,2,47,SBS9-target
mut_167,1,835,297,108,2,1,2,3,4,1,SBS8-target
mut_168,1,840,156,215,2,0,1,1,1,32,SBS60-target
mut_169,1,845,323,27,2,1,1,2,3,44,SBS43-target
mut_170,1,850,298,112,2,1,1,1,2,42,SBS10a-target
mut_171,1,855,217,70,2,1,1,1,2,69,SBS11-target
mut_172,1,860,423,37,2,2,1,2,4,35,SBS11-target
mut_173,1,865,294,109,2,1,1,1,2,33,SBS43-target
mut_174,1,870,199,38,2,1,1,2,3,33,SBS57-target
mut_175,1,875,276,165,2,0,2,2,2,12,SBS44-target
mut_176,1,880,368,62,2,1,1,2,3,47,SBS10b-target
mut_177,1,885,222,131,2,0,1,1,1,15,other-1
mut_178,1,890,110,20,2,2,1,2,4,35,SBS25-target
mut_179,1,895,164,40,2,1,1,1,2,15,SBS41-target
mut_180,1,900,49,16,2,1,1,2,3,46,other-8
mut_181,1,905,283,48,2,1,1,1,2,12,other-7
mut_182,1,910,319,64,2,0,2,3,3,45,other-6
mut_183,1,915,275,105,2,1,1,1,2,35,SBS11-target
mut_184,1,920,84,21,2,1,1,1,2,46,SBS24-target
mut_185,1,925,288,98,2,0,2,2,2,45,SBS2-target
mut_186,1,930,71,4,2,1,1,1,2,39,SBS23-target
mut_187,1,935,241,252,2,0,1,1,1,79,SBS7c-target
mut_188,1,940,282,126,2,1,1,1,2,79,SBS6-target
mut_189,1,945,159,84,2,0,1,1,1,15,SBS28-target
mut_190,1,950,86,31,2,1,1,1,2,46,SBS38-target
mut_191,1,955,140,31,2,1,1,1,2,45,SBS37-target
mut_192,1,960,53,56,2,0,1,2,2,47,SBS24-target
mut_193,1,965,388,74,2,1,1,2,3,63,SBS7c-target
mut_194,1,970,239,88,2,0,2,2,2,44,SBS31-target
mut_195,1,975,221,220,2,1,4,4,5,4,SBS56-target
mut_196,1,980,100,20,2,1,1,1,2,41,SBS10a-target
mut_197,1,985,121,21,2,1,1,1,2,15,SBS4-target
mut_198,1,990,261,56,2,1,1,1,2,15,other-3
mut_199,1,995,151,81,2,1,2,2,3,37,SBS22-target
mut_200,1,1000,36,16,2,0,1,2,2,3,SBS12-target
mut_201,1,1005,115,158,2,0,2,2,2,52,other-2
mut_202,1,1010,95,76,2,0,2,2,2,41,SBS28-target
mut_203,1,1015,131,29,2,1,1,1,2,43,SBS11-target
mut_204,1,1020,300,70,2,1,1,1,2,45,SBS5-target
mut_205,1,1025,38,19,2,0,2,2,2,46,SBS10b-target
mut_206,1,1030,106,9,2,1,1,2,3,42,SBS43-target
mut_207,1,1035,253,65,2,0,1,1,1,73,SBS39-target
mut_208,1,1040,63,17,2,1,1,3,4,35,SBS84-target
mut_209,1,1045,381,80,2,1,1,2,3,46,SBS24-target
mut_210,1,1050,75,6,2,1,1,1,2,35,other-6
mut_211,1,1055,258,162,2,1,1,1,2,95,SBS3-target
mut_212,1,1060,285,80,2,1,2,2,3,1,SBS49-target
mut_213,1,1065,313,108,2,1,1,1,2,15,SBS10b-target
mut_214,1,1070,261,29,2,0,1,2,2,47,SBS28-target
mut_215,1,1075,390,110,2,1,1,1,2,34,SBS1-target
mut_216,1,1080,121,29,2,1,1,1,2,15,SBS10a-target
mut_217,1,1085,138,68,2,1,1,2,3,15,SBS15-target
mut_218,1,1090,142,261,2,0,2,2,2,38,other-5
mut_219,1,1095,235,88,2,1,1,1,2,0,SBS4-target
mut_220,1,1100,58,44,2,1,1,1,2,38,SBS1-target
mut_221,1,1105,91,7,2,2,1,3,5,44,SBS20-target
mut_222,1,1110,112,25,2,1,2,4,5,15,other-2
mut_223,1,1115,53,14,2,1,1,1,2,3,SBS58-target
mut_224,1,1120,184,46,2,1,1,2,3,45,other-14
mut_225,1,1125,61,80,2,1,2,2,3,34,other-8
mut_226,1,1130,242,256,2,0,1,1,1,34,other-9
mut_227,1,1135,301,126,2,1,1,1,2,38,SBS34-target
mut_228,1,1140,122,197,2,0,2,2,2,44,SBS10b-target
mut_229,1,1145,134,33,2,0,1,1,1,11,SBS10a-target
mut_230,1,1150,237,53,2,1,1,1,2,45,SBS11-target
mut_231,1,1155,270,72,2,0,1,2,2,37,SBS7d-target
mut_232,1,1160,54,21,2,0,1,1,1,4,SBS4-target
mut_233,1,1165,251,106,2,1,1,1,2,56,SBS34-target
mut_234,1,1170,329,105,2,1,1,1,2,46,SBS47-target
mut_235,1,1175,156,67,2,1,2,2,3,7,SBS18-target
mut_236,1,1180,253,27,2,1,1,2,3,44,SBS54-target
mut_237,1,1185,220,34,2,1,1,1,2,15,SBS10a-target
mut_238,1,1190,168,50,2,0,1,1,1,44,SBS51-target
mut_239,1,1195,106,22,2,1,2,2,3,35,SBS33-target
mut_240,1,1200,378,58,2,1,1,1,2,43,SBS36-target
mut_241,1,1205,415,28,2,0,1,2,2,44,SBS2-target
mut_242,1,1210,331,93,2,1,2,2,3,46,SBS10b-target
mut_243,1,1215,307,31,2,1,1,1,2,45,SBS8-target
mut_244,1,1220,241,82,2,0,1,1,1,46,SBS17a-target
mut_245,1,1225,229,111,2,0,1,1,1,45,SBS7d-target
mut_246,1,1230,190,54,2,1,1,1,2,47,SBS11-target
mut_247,1,1235,44,45,2,0,1,1,1,39,SBS35-target
mut_248,1,1240,385,53,2,1,1,2,3,15,SBS20-target
mut_249,1,1245,108,35,2,2,2,2,4,42,SBS3-target
mut_250,1,1250,56,2,2,2,1,2,4,45,SBS2-target
mut_251,1,1255,301,133,2,1,1,1,2,45,SBS16-target
mut_252,1,1260,64,41,2,0,2,2,2,46,other-10
mut_253,1,1265,279,167,2,1,1,1,2,4,SBS5-target
mut_254,1,1270,108,107,2,1,1,1,2,49,SBS41-target
mut_255,1,1275,214,54,2,1,2,2,3,38,SBS59-target
mut_256,1,1280,267,92,2,0,2,2,2,37,SBS59-target
mut_257,1,1285,183,47,2,1,1,2,3,37,other-5
mut_258,1,1290,148,29,2,1,1,2,3,47,other-9
mut_259,1,1295,330,44,2,1,1,2,3,41,SBS43-target
mut_260,1,1300,129,159,2,0,1,1,1,37,SBS11-target
mut_261,1,1305,278,121,2,1,1,1,2,34,SBS32-target
mut_262,1,1310,302,59,2,1,1,2,3,51,SBS39-target
mut_263,1,1315,346,51,2,0,1,2,2,44,SBS8-target
mut_264,1,1320,298,192,2,0,2,2,2,46,SBS10b-target
mut_265,1,1325,158,33,2,1,1,1,2,15,SBS21-target
mut_266,1,1330,131,14,2,1,1,1,2,15,SBS40-target
mut_267,1,1335,135,53,2,1,1,1,2,34,SBS37-target
mut_268,1,1340,366,20,2,2,1,2,4,3,other-3
mut_269,1,1345,244,39,2,1,1,1,2,15,other-12
mut_270,1,1350,283,79,2,0,2,2,2,33,SBS34-target
mut_271,1,1355,309,177,2,1,2,2,3,51,SBS10a-target
mut_272,1,1360,193,34,2,1,1,1,2,44,other-8
mut_273,1,1365,91,89,2,0,1,1,1,7,SBS18-target
mut_274,1,1370,71,67,2,1,1,1,2,12,SBS60-target
mut_275,1,1375,398,77,2,1,2,2,3,47,SBS32-target
mut_276,1,1380,351,108,2,1,1,1,2,87,SBS51-target
mut_277,1,1385,185,50,2,1,1,2,3,49,SBS21-target
mut_278,1,1390,75,85,2,2,2,2,4,4,SBS2-target
mut_279,1,1395,248,145,2,0,1,1,1,39,SBS24-target
mut_280,1,1400,212,91,2,0,1,1,1,47,SBS57-target
mut_281,1,1405,141,25,2,1,1,1,2,44,SBS58-target
mut_282,1,1410,231,86,2,1,2,2,3,35,SBS31-target
mut_283,1,1415,242,85,2,2,2,2,4,39,SBS11-target
mut_284,1,1420,92,99,2,0,1,1,1,8,other-13
mut_285,1,1425,244,59,2,1,1,1,2,37,SBS11-target
mut_286,1,1430,105,87,2,0,1,1,1,38,other-1
mut_287,1,1435,95,10,2,1,1,1,2,15,SBS24-target
mut_288,1,1440,376,24,2,1,1,2,3,15,SBS39-target
mut_289,1,1445,53,19,2,1,1,2,3,34,SBS60-target
mut_290,1,1450,340,67,2,1,1,3,4,54,SBS26-target
mut_291,1,1455,266,102,2,0,1,1,1,34,SBS49-target
mut_292,1,1460,186,86,2,1,1,1,2,38,SBS54-target
mut_293,1,1465,40,16,2,0,2,2,2,45,SBS2-target
mut_294,1,1470,359,44,2,1,1,1,2,34,SBS58-target
mut_295,1,1475,114,23,2,1,1,2,3,5,SBS46-target
mut_296,1,1480,309,86,2,1,2,2,3,15,SBS56-target
mut_297,1,1485,230,25,2,2,2,2,4,32,SBS33-target
mut_298,1,1490,130,82,2,1,1,1,2,46,SBS1-target
mut_299,1,1495,278,57,2,0,1,2,2,46,SBS7b-target
mut_300,1,1500,160,203,2,0,1,1,1,38,SBS19-target
mut_301,1,1505,44,17,2,0,1,1,1,67,SBS10a-target
mut_302,1,1510,221,73,2,1,1,1,2,71,SBS85-target
mut_303,1,1515,129,83,2,1,1,1,2,45,other-2
mut_304,1,1520,32,20,2,1,1,1,2,5,SBS16-target
mut_305,1,1525,43,40,2,1,1,1,2,5,SBS5-target
mut_306,1,1530,132,231,2,0,2,2,2,34,SBS1-target
mut_307,1,1535,186,68,2,1,1,1,2,33,SBS30-target
mut_308,1,1540,111,45,2,1,1,2,3,38,SBS59-target
mut_309,1,1545,321,140,2,0,1,1,1,46,SBS2-target
mut_310,1,1550,211,21,2,1,1,2,3,46,SBS50-target
mut_311,1,1555,303,46,2,1,1,1,2,41,SBS6-target
mut_312,1,1560,311,137,2,0,1,1,1,15,SBS10a-target
mut_313,1,1565,115,52,2,3,5,5,8,47,SBS45-target
mut_314,1,1570,295,102,2,0,1,1,1,44,SBS35-target
mut_315,1,1575,148,45,2,1,1,3,4,60,SBS40-target
mut_316,1,1580,357,28,2,2,1,2,4,34,SBS1-target
mut_317,1,1585,287,206,2,0,1,1,1,42,SBS1-target
mut_318,1,1590,196,125,2,1,1,1,2,42,SBS17b-target
mut_319,1,1595,218,260,2,0,1,1,1,38,SBS1-target
mut_320,1,1600,87,62,2,0,1,1,1,37,SBS7a-target
mut_321,1,1605,91,10,2,2,1,3,5,42,SBS27-target
mut_322,1,1610,436,17,2,1,1,3,4,15,SBS30-target
mut_323,1,1615,52,5,2,2,1,4,6,53,SBS24-target
mut_324,1,1620,313,153,2,0,1,1,1,44,other-11
mut_325,1,1625,379,60,2,0,1,2,2,15,SBS60-target
mut_326,1,1630,100,28,2,1,1,2,3,14,SBS58-target
mut_327,1,1635,24,82,2,0,1,1,1,31,SBS14-target
mut_328,1,1640,400,74,2,1,1,1,2,47,SBS7b-target
mut_329,1,1645,187,42,2,2,2,2,4,45,SBS11-target
mut_330,1,1650,230,33,2,1,1,1,2,15,SBS51-target
mut_331,1,1655,214,115,2,0,1,1,1,44,other-4
mut_332,1,1660,241,78,2,0,1,2,2,39,other-14
mut_333,1,1665,289,95,2,1,1,1,2,54,SBS4-target
mut_334,1,1670,207,135,2,1,2,2,3,23,other-12
mut_335,1,1675,51,75,2,0,3,3,3,43,SBS7a-target
mut_336,1,1680,348,63,2,1,1,1,2,47,SBS34-target
mut_337,1,1685,147,89,2,0,2,3,3,45,SBS15-target
mut_338,1,1690,298,125,2,0,1,2,2,43,SBS53-target
mut_339,1,1695,170,120,2,1,1,1,2,34,SBS17a-target
mut_340,1,1700,280,56,2,1,1,1,2,63,SBS59-target
mut_341,1,1705,129,45,2,1,2,2,3,47,SBS21-target
mut_342,1,1710,165,123,2,0,1,1,1,15,SBS26-target
mut_343,1,1715,333,71,2,0,1,1,1,5,SBS24-target
mut_344,1,1720,309,75,2,1,2,3,4,95,SBS14-target
mut_345,1,1725,51,17,2,1,1,1,2,47,SBS11-target
mut_346,1,1730,114,36,2,1,3,3,4,15,SBS42-target
mut_347,1,1735,221,70,2,2,1,2,4,34,SBS48-target
mut_348,1,1740,166,3,2,2,1,2,4,47,SBS9-target
mut_349,1,1745,185,40,2,0,2,3,3,42,SBS1-target
mut_350,1,1750,154,58,2,1,1,2,3,34,SBS15-target
mut_351,1,1755,412,49,2,0,1,2,2,47,SBS10b-target
mut_352,1,1760,73,5,2,1,1,2,3,38,SBS21-target
mut_353,1,1765,115,28,2,1,1,1,2,47,SBS18-target
mut_354,1,1770,299,100,2,1,2,2,3,15,SBS10a-target
mut_355,1,1775,75,11,2,1,3,4,5,47,other-12
mut_356,1,1780,194,59,2,1,2,2,3,44,SBS43-target
mut_357,1,1785,188,34,2,1,2,3,4,42,SBS55-target
mut_358,1,1790,55,15,2,0,1,2,2,47,SBS56-target
mut_359,1,1795,257,40,2,1,1,2,3,46,SBS1-target
mut_360,1,1800,405,83,2,1,1,2,3,33,other-3
mut_361,1,1805,447,53,2,1,1,1,2,46,SBS10b-target
mut_362,1,1810,112,46,2,1,1,1,2,75,SBS4-target
mut_363,1,1815,207,60,2,1,1,1,2,47,other-13
mut_364,1,1820,230,168,2,1,2,3,4,1,SBS8-target
mut_365,1,1825,111,16,2,1,1,1,2,15,SBS39-target
mut_366,1,1830,26,27,2,1,2,2,3,32,SBS11-target
mut_367,1,1835,56,28,2,0,1,1,1,46,other-5
mut_368,1,1840,253,14,2,2,2,2,4,45,other-9
mut_369,1,1845,141,85,2,0,1,1,1,15,SBS51-target
mut_370,1,1850,291,46,2,1,1,1,2,32,SBS14-target
mut_371,1,1855,280,48,2,1,1,2,3,35,SBS1-target
mut_372,1,1860,53,5,2,1,1,1,2,94,SBS4-target
mut_373,1,1865,51,29,2,0,2,2,2,33,SBS47-target
mut_374,1,1870,201,73,2,1,1,1,2,83,SBS36-target
mut_375,1,1875,200,115,2,1,2,2,3,34,SBS21-target
mut_376,1,1880,230,39,2,1,2,2,3,95,SBS58-target
mut_377,1,1885,267,35,2,1,1,2,3,15,SBS16-target
mut_378,1,1890,102,111,2,0,1,1,1,39,SBS7d-target
mut_379,1,1895,238,115,2,0,1,1,1,46,SBS2-target
mut_380,1,1900,155,44,2,1,1,2,3,46,SBS2-target
mut_381,1,1905,137,22,2,1,1,1,2,44,other-7
mut_382,1,1910,407,86,2,1,1,1,2,15,SBS21-target
mut_383,1,1915,150,60,2,1,1,1,2,46,SBS55-target
mut_384,1,1920,110,18,2,1,1,1,2,47,other-14
mut_385,1,1925,135,32,2,1,2,2,3,15,SBS10a-target
mut_386,1,1930,156,62,2,1,1,3,4,47,SBS10b-target
mut_387,1,1935,145,34,2,1,1,2,3,32,SBS37-target
mut_388,1,1940,405,50,2,1,1,2,3,39,SBS56-target
mut_389,1,1945,60,15,2,1,1,1,2,32,SBS49-target
mut_390,1,1950,119,44,2,1,1,1,2,44,SBS2-target
mut_391,1,1955,148,40,2,1,1,1,2,65,SBS1-target
mut_392,1,1960,290,67,2,1,1,1,2,12,other-8
mut_393,1,1965,321,98,2,0,1,1,1,36,SBS11-target
mut_394,1,1970,218,76,2,2,2,2,4,34,SBS3-target
mut_395,1,1975,29,40,2,1,2,2,3,47,SBS15-target
mut_396,1,1980,102,122,2,0,1,1,1,63,SBS7c-target
mut_397,1,1985,285,80,2,1,3,3,4,45,SBS10b-target
mut_398,1,1990,246,74,2,1,1,1,2,52,SBS7a-target
mut_399,1,1995,68,24,2,0,1,1,1,35,SBS11-target
mut_400,1,2000,191,177,2,0,1,1,1,37,SBS28-target
mut_401,1,2005,263,38,2,1,1,2,3,37,other-13
mut_402,1,2010,95,15,2,1,1,1,2,15,SBS36-target
mut_403,1,2015,195,208,2,1,2,2,3,46,SBS17b-target
mut_404,1,2020,351,117,2,1,1,2,3,34,SBS1-target
mut_405,1,2025,149,24,2,1,1,1,2,6,SBS30-target
mut_406,1,2030,434,57,2,2,1,2,4,15,SBS22-target
mut_407,1,2035,231,77,2,1,1,1,2,45,SBS44-target
mut_408,1,2040,287,48,2,1,1,1,2,60,SBS1-target
mut_409,1,2045,101,19,2,1,1,1,2,40,other-7
mut_410,1,2050,161,34,2,1,1,1,2,12,SBS24-target
mut_411,1,2055,386,44,2,1,1,2,3,47,other-5
mut_412,1,2060,174,35,2,1,1,2,3,50,SBS53-target
mut_413,1,2065,247,152,2,1,1,1,2,33,SBS10b-target
mut_414,1,2070,188,159,2,0,1,1,1,63,SBS8-target
mut_415,1,2075,64,28,2,0,1,1,1,15,other-10
mut_416,1,2080,119,56,2,1,1,1,2,33,SBS29-target
mut_417,1,2085,179,86,2,1,2,2,3,15,SBS27-target
mut_418,1,2090,260,42,2,1,1,2,3,46,SBS46-target
mut_419,1,2095,205,43,2,1,1,2,3,69,SBS31-target
mut_420,1,2100,43,17,2,0,1,1,1,4,SBS26-target
mut_421,1,2105,159,37,2,0,1,1,1,42,SBS2-target
mut_422,1,2110,295,43,2,1,1,1,2,15,SBS24-target
mut_423,1,2115,99,43,2,1,1,1,2,42,SBS32-target
mut_424,1,2120,160,137,2,1,2,2,3,46,SBS2-target
mut_425,1,2125,307,99,2,1,1,1,2,63,SBS7c-target
mut_426,1,2130,117,152,2,0,1,1,1,42,SBS31-target
mut_427,1,2135,412,75,2,1,1,1,2,15,SBS3-target
mut_428,1,2140,282,68,2,1,1,2,3,15,SBS34-target
mut_429,1,2145,51,20,2,1,2,2,3,39,SBS12-target
mut_430,1,2150,316,138,2,0,1,1,1,41,SBS23-target
mut_431,1,2155,400,95,2,1,2,2,3,45,SBS6-target
mut_432,1,2160,96,29,2,1,1,1,2,34,SBS1-target
mut_433,1,2165,308,103,2,0,1,1,1,51,SBS10a-target
mut_434,1,2170,110,47,2,0,2,2,2,45,SBS17b-target
mut_435,1,2175,153,103,2,1,2,2,3,48,SBS7c-target
mut_436,1,2180,118,40,2,0,1,2,2,39,SBS24-target
mut_437,1,2185,54,14,2,0,1,1,1,47,SBS46-target
mut_438,1,2190,171,161,2,2,2,2,4,46,other-1
mut_439,1,2195,190,21,2,1,1,1,2,79,SBS10a-target
mut_440,1,2200,175,23,2,2,2,5,7,42,other-8
mut_441,1,2205,458,24,2,1,1,2,3,35,SBS11-target
mut_442,1,2210,86,239,2,1,3,3,4,47,SBS50-target
mut_443,1,2215,166,38,2,1,1,1,2,44,SBS10b-target
mut_444,1,2220,55,5,2,1,1,1,2,41,SBS3-target
mut_445,1,2225,162,51,2,1,1,1,2,35,SBS7a-target
mut_446,1,2230,138,24,2,1,1,2,3,15,SBS10b-target
mut_447,1,2235,192,260,2,0,1,1,1,47,SBS33-target
mut_448,1,2240,80,33,2,1,1,1,2,5,other-13
mut_449,1,2245,327,154,2,1,1,1,2,75,SBS3-target
mut_450,1,2250,150,21,2,1,1,1,2,37,SBS11-target
mut_451,1,2255,413,66,2,1,1,2,3,42,SBS1-target
mut_452,1,2260,31,20,2,1,1,1,2,33,other-4
mut_453,1,2265,60,18,2,1,2,2,3,34,SBS12-target
mut_454,1,2270,347,53,2,0,1,2,2,47,other-5
mut_455,1,2275,109,18,2,1,1,3,4,44,SBS24-target
mut_456,1,2280,444,31,2,1,1,2,3,44,SBS38-target
mut_457,1,2285,187,24,2,0,1,2,2,42,other-4
mut_458,1,2290,84,12,2,1,1,1,2,46,SBS50-target
mut_459,1,2295,251,113,2,0,1,1,1,44,SBS2-target
mut_460,1,2300,172,11,2,0,1,2,2,15,SBS10a-target
mut_461,1,2305,323,171,2,1,3,3,4,41,SBS49-target
mut_462,1,2310,106,36,2,1,1,1,2,62,SBS34-target
mut_463,1,2315,272,51,2,0,1,3,3,34,SBS13-target
mut_464,1,2320,398,74,2,1,1,1,2,47,SBS10a-target
mut_465,1,2325,137,34,2,1,1,1,2,44,SBS21-target
mut_466,1,2330,193,112,2,1,1,1,2,45,other-7
mut_467,1,2335,200,153,2,0,1,1,1,15,SBS2-target
mut_468,1,2340,406,63,2,1,1,1,2,47,SBS40-target
mut_469,1,2345,77,13,2,1,1,1,2,51,SBS43-target
mut_470,1,2350,142,58,2,1,1,1,2,2,SBS45-target
mut_471,1,2355,133,36,2,1,1,1,2,15,SBS10a-target
mut_472,1,2360,204,141,2,1,3,3,4,32,SBS20-target
mut_473,1,2365,107,80,2,0,1,1,1,95,SBS7a-target
mut_474,1,2370,230,78,2,1,2,2,3,63,other-9
mut_475,1,2375,388,97,2,0,1,1,1,15,other-10
mut_476,1,2380,380,55,2,1,1,1,2,33,other-12
mut_477,1,2385,222,63,2,1,1,2,3,51,SBS54-target
mut_478,1,2390,278,50,2,1,1,2,3,35,SBS11-target
mut_479,1,2395,96,7,2,1,1,2,3,47,SBS38-target
mut_480,1,2400,202,200,2,1,3,3,4,34,SBS40-target
mut_481,1,2405,224,107,2,0,1,2,2,42,SBS24-target
mut_482,1,2410,222,84,2,2,3,3,5,43,SBS24-target
mut_483,1,2415,328,163,2,1,1,1,2,95,SBS4-target
mut_484,1,2420,200,61,2,1,1,1,2,55,SBS50-target
mut_485,1,2425,267,83,2,1,1,2,3,4,SBS27-target
mut_486,1,2430,244,100,2,0,1,1,1,45,SBS27-target
mut_487,1,2435,103,271,2,0,1,1,1,41,SBS14-target
mut_488,1,2440,121,36,2,1,1,2,3,40,SBS11-target
mut_489,1,2445,106,102,2,0,1,1,1,37,SBS58-target
mut_490,1,2450,184,28,2,1,1,1,2,15,SBS5-target
mut_491,1,2455,378,117,2,0,1,2,2,47,SBS10b-target
mut_492,1,2460,143,8,2,1,1,2,3,15,other-12
mut_493,1,2465,294,109,2,1,1,1,2,3,SBS37-target
mut_494,1,2470,191,58,2,1,2,3,4,45,SBS25-target
mut_495,1,2475,92,91,2,0,2,2,2,86,SBS18-target
mut_496,1,2480,68,108,2,1,2,2,3,37,other-14
mut_497,1,2485,54,5,2,2,1,2,4,47,SBS31-target
mut_498,1,2490,400,67,2,1,1,1,2,45,SBS57-target
mut_499,1,2495,183,59,2,1,1,1,2,94,other-7
mut_500,1,2500,56,9,2,1,1,1,2,41,SBS45-target
mut_501,1,2505,140,67,2,0,1,2,2,42,other-12
mut_502,1,2510,374,88,2,0,1,2,2,47,SBS28-target
mut_503,1,2515,205,112,2,1,1,1,2,41,SBS43-target
mut_504,1,2520,164,20,2,1,1,2,3,42,SBS56-target
mut_505,1,2525,184,57,2,1,1,1,2,45,SBS25-target
mut_506,1,2530,131,33,2,1,2,2,3,15,SBS10a-target
mut_507,1,2535,56,14,2,1,1,2,3,75,SBS20-target
mut_508,1,2540,139,47,2,1,1,1,2,15,SBS42-target
mut_509,1,2545,103,19,2,1,1,1,2,95,SBS10a-target
mut_510,1,2550,407,18,2,1,1,1,2,45,SBS56-target
mut_511,1,2555,149,63,2,1,2,3,4,44,SBS2-target
mut_512,1,2560,369,59,2,1,1,2,3,39,SBS32-target
mut_513,1,2565,197,98,2,1,1,1,2,32,SBS17b-target
mut_514,1,2570,327,62,2,1,1,1,2,15,other-5
mut_515,1,2575,97,23,2,1,1,1,2,46,SBS10a-target
mut_516,1,2580,322,44,2,1,1,1,2,37,SBS7c-target
mut_517,1,2585,107,70,2,1,2,2,3,46,SBS1-target
mut_518,1,2590,147,63,2,1,1,1,2,46,SBS40-target
mut_519,1,2595,131,45,2,1,1,1,2,62,SBS7c-target
mut_520,1,2600,42,12,2,0,1,1,1,47,SBS32-target
mut_521,1,2605,176,46,2,1,2,2,3,15,SBS10a-target
mut_522,1,2610,139,197,2,1,2,2,3,95,SBS36-target
mut_523,1,2615,117,18,2,1,1,2,3,11,SBS28-target
mut_524,1,2620,384,35,2,1,1,1,2,7,SBS10a-target
mut_525,1,2625,102,12,2,1,1,2,3,34,SBS85-target
mut_526,1,2630,158,94,2,1,1,1,2,63,SBS7b-target
mut_527,1,2635,319,84,2,1,1,1,2,42,SBS59-target
mut_528,1,2640,420,55,2,1,1,1,2,15,SBS26-target
mut_529,1,2645,255,174,2,0,2,2,2,15,SBS17a-target
mut_530,1,2650,362,90,2,1,1,1,2,42,SBS17a-target
mut_531,1,2655,288,184,2,1,1,1,2,38,SBS20-target
mut_532,1,2660,153,147,2,1,2,2,3,33,other-14
mut_533,1,2665,457,42,2,1,1,1,2,13,SBS10a-target
mut_534,1,2670,77,3,2,1,1,1,2,46,other-4
mut_535,1,2675,235,96,2,1,1,1,2,48,SBS7b-target
mut_536,1,2680,167,175,2,0,1,1,1,45,SBS1-target
mut_537,1,2685,134,237,2,0,1,1,1,8,SBS4-target
mut_538,1,2690,88,78,2,0,1,2,2,7,SBS30-target
mut_539,1,2695,328,48,2,1,1,2,3,15,SBS10a-target
mut_540,1,2700,146,19,2,1,1,1,2,37,SBS11-target
mut_541,1,2705,105,32,2,1,1,1,2,47,other-10
mut_542,1,2710,115,18,2,1,1,1,2,0,SBS44-target
mut_543,1,2715,202,83,2,1,1,1,2,33,SBS11-target
mut_544,1,2720,264,32,2,1,1,2,3,47,SBS20-target
mut_545,1,2725,291,117,2,1,1,1,2,46,other-11
mut_546,1,2730,125,61,2,1,1,1,2,42,SBS1-target
mut_547,1,2735,73,32,2,2,2,2,4,9,SBS19-target
mut_548,1,2740,264,158,2,0,1,1,1,15,SBS57-target
mut_549,1,2745,348,120,2,1,2,2,3,44,SBS2-target
mut_550,1,2750,66,34,2,1,1,2,3,7,SBS7d-target
mut_551,1,2755,241,154,2,1,1,1,2,45,SBS11-target
mut_552,1,2760,128,32,2,1,1,1,2,12,other-12
mut_553,1,2765,92,98,2,0,2,2,2,44,SBS47-target
mut_554,1,2770,291,121,2,0,1,1,1,35,SBS50-target
mut_555,1,2775,253,34,2,1,1,3,4,42,SBS5-target
mut_556,1,2780,218,83,2,0,2,2,2,15,other-10
mut_557,1,2785,156,18,2,1,1,1,2,44,SBS13-target
mut_558,1,2790,288,137,2,1,2,2,3,46,SBS10b-target
mut_559,1,2795,298,137,2,1,1,1,2,42,SBS47-target
mut_560,1,2800,442,50,2,1,1,2,3,15,SBS10a-target
mut_561,1,2805,230,52,2,1,1,2,3,46,SBS1-target
mut_562,1,2810,379,115,2,0,1,1,1,12,SBS10a-target
mut_563,1,2815,32,21,2,1,1,2,3,3,SBS7c-target
mut_564,1,2820,143,129,2,0,1,1,1,46,SBS85-target
mut_565,1,2825,207,49,2,1,1,1,2,95,SBS10b-target
mut_566,1,2830,312,59,2,1,1,2,3,35,SBS55-target
mut_567,1,2835,80,24,2,0,2,2,2,95,SBS10b-target
mut_568,1,2840,351,45,2,1,1,2,3,39,SBS11-target
mut_569,1,2845,394,78,2,0,1,2,2,15,other-14
mut_570,1,2850,84,9,2,1,1,2,3,3,SBS10a-target
mut_571,1,2855,157,79,2,1,1,1,2,94,SBS35-target
mut_572,1,2860,42,33,2,0,1,1,1,45,SBS58-target
mut_573,1,2865,184,106,2,0,1,1,1,46,SBS33-target
mut_574,1,2870,358,96,2,0,1,2,2,47,SBS53-target
mut_575,1,2875,118,48,2,1,1,1,2,45,SBS18-target
mut_576,1,2880,279,68,2,1,1,1,2,15,SBS59-target
mut_577,1,2885,51,23,2,1,2,2,3,4,SBS84-target
mut_578,1,2890,259,188,2,0,1,1,1,70,SBS43-target
mut_579,1,2895,399,85,2,1,1,1,2,15,SBS38-target
mut_580,1,2900,332,70,2,1,1,1,2,45,SBS12-target
mut_581,1,2905,306,152,2,1,2,2,3,35,SBS44-target
mut_582,1,2910,219,34,2,2,1,2,4,44,other-6
mut_583,1,2915,269,110,2,1,1,1,2,42,other-6
mut_584,1,2920,274,33,2,0,1,3,3,33,SBS47-target
mut_585,1,2925,220,51,2,0,1,1,1,34,SBS7a-target
mut_586,1,2930,155,71,2,1,2,2,3,46,SBS10b-target
mut_587,1,2935,205,58,2,0,1,2,2,34,SBS48-target
mut_588,1,2940,77,35,2,0,1,1,1,41,SBS7d-target
mut_589,1,2945,141,33,2,1,1,1,2,34,SBS1-target
mut_590,1,2950,72,75,2,1,2,2,3,59,other-11
mut_591,1,2955,309,64,2,1,1,1,2,44,SBS2-target
mut_592,1,2960,138,48,2,0,1,1,1,15,SBS10a-target
mut_593,1,2965,287,81,2,1,1,2,3,42,other-13
mut_594,1,2970,345,127,2,1,1,1,2,95,SBS28-target
mut_595,1,2975,449,44,2,1,1,1,2,47,SBS18-target
mut_596,1,2980,74,23,2,1,2,2,3,42,other-4
mut_597,1,2985,342,59,2,1,1,1,2,47,SBS42-target
mut_598,1,2990,384,27,2,2,1,2,4,39,SBS49-target
mut_599,1,2995,108,69,2,1,2,2,3,47,SBS85-target
mut_600,1,3000,162,42,2,1,1,1,2,15,SBS22-target
mut_601,1,3005,330,17,2,2,1,2,4,44,SBS50-target
mut_602,1,3010,175,154,2,0,2,2,2,15,SBS55-target
mut_603,1,3015,245,115,2,0,2,2,2,33,SBS18-target
mut_604,1,3020,43,11,2,1,1,1,2,41,SBS11-target
mut_605,1,3025,174,61,2,1,1,1,2,55,SBS7c-target
mut_606,1,3030,47,34,2,0,1,1,1,42,SBS10a-target
mut_607,1,3035,284,64,2,1,1,1,2,44,SBS2-target
mut_608,1,3040,291,83,2,1,1,1,2,46,SBS37-target
mut_609,1,3045,263,30,2,2,2,3,5,15,SBS18-target
mut_610,1,3050,100,33,2,0,1,1,1,45,SBS45-target
mut_611,1,3055,377,63,2,1,1,2,3,6,SBS7c-target
mut_612,1,3060,97,34,2,1,1,1,2,8,other-7
mut_613,1,3065,108,24,2,0,1,2,2,13,SBS50-target
mut_614,1,3070,134,202,2,1,2,2,3,32,SBS33-target
mut_615,1,3075,38,197,2,0,2,2,2,46,SBS46-target
mut_616,1,3080,245,69,2,1,1,2,3,53,SBS34-target
mut_617,1,3085,304,187,2,0,1,1,1,46,SBS31-target
mut_618,1,3090,238,216,2,0,1,1,1,33,SBS43-target
mut_619,1,3095,262,59,2,0,1,1,1,43,SBS39-target
mut_620,1,3100,215,88,2,1,1,1,2,38,other-14
mut_621,1,3105,189,246,2,0,1,1,1,46,SBS1-target
mut_622,1,3110,302,72,2,1,2,4,5,7,SBS49-target
mut_623,1,3115,346,148,2,1,1,2,3,34,SBS34-target
mut_624,1,3120,237,99,2,1,2,2,3,47,SBS30-target
mut_625,1,3125,88,12,2,0,1,2,2,73,SBS28-target
mut_626,1,3130,281,69,2,1,2,2,3,44,SBS36-target
mut_627,1,3135,201,202,2,1,1,1,2,15,SBS48-target
mut_628,1,3140,318,100,2,1,1,1,2,42,SBS1-target
mut_629,1,3145,116,7,2,2,1,2,4,44,other-10
mut_630,1,3150,238,64,2,1,1,2,3,70,SBS34-target
mut_631,1,3155,97,60,2,1,3,3,4,17,SBS57-target
mut_632,1,3160,306,157,2,1,1,1,2,79,SBS8-target
mut_633,1,3165,160,20,2,1,1,2,3,15,SBS30-target
mut_634,1,3170,294,37,2,1,1,3,4,35,SBS52-target
mut_635,1,3175,405,24,2,1,1,2,3,15,SBS10b-target
mut_636,1,3180,99,51,2,1,1,1,2,15,other-7
mut_637,1,3185,85,30,2,0,1,2,2,46,other-3
mut_638,1,3190,28,34,2,1,1,1,2,35,SBS57-target
mut_639,1,3195,247,106,2,0,2,2,2,15,SBS10a-target
mut_640,1,3200,53,38,2,1,2,2,3,46,SBS12-target
mut_641,1,3205,111,16,2,1,1,2,3,17,SBS1-target
mut_642,1,3210,52,8,2,1,1,2,3,46,SBS39-target
mut_643,1,3215,191,255,2,1,2,2,3,45,SBS45-target
mut_644,1,3220,278,73,2,1,1,2,3,47,other-14
mut_645,1,3225,331,103,2,0,1,1,1,47,SBS10b-target
mut_646,1,3230,167,51,2,1,2,2,3,44,SBS2-target
mut_647,1,3235,63,23,2,1,1,1,2,15,SBS51-target
mut_648,1,3240,333,101,2,1,2,2,3,13,SBS4-target
mut_649,1,3245,285,65,2,1,2,2,3,15,SBS10b-target
mut_650,1,3250,303,115,2,1,1,1,2,71,SBS32-target
mut_651,1,3255,153,21,2,0,1,2,2,8,SBS38-target
mut_652,1,3260,316,101,2,0,1,1,1,44,SBS6-target
mut_653,1,3265,269,12,2,1,1,2,3,33,SBS35-target
mut_654,1,3270,220,73,2,1,1,1,2,15,SBS2-target
mut_655,1,3275,54,208,2,0,2,2,2,8,SBS33-target
mut_656,1,3280,81,198,2,0,1,1,1,53,SBS8-target
mut_657,1,3285,194,138,2,1,2,2,3,34,SBS23-target
mut_658,1,3290,105,36,2,1,1,1,2,46,SBS18-target
mut_659,1,3295,244,37,2,1,1,1,2,47,SBS56-target
mut_660,1,3300,289,58,2,1,2,2,3,44,SBS2-target
mut_661,1,3305,65,21,2,1,1,1,2,41,other-4
mut_662,1,3310,291,150,2,1,2,2,3,45,SBS19-target
mut_663,1,3315,130,4,2,1,1,2,3,45,SBS4-target
mut_664,1,3320,150,11,2,2,2,3,5,15,SBS17b-target
mut_665,1,3325,50,8,2,1,1,1,2,33,other-10
mut_666,1,3330,51,9,2,1,1,1,2,46,SBS38-target
mut_667,1,3335,343,61,2,1,1,1,2,33,SBS7d-target
mut_668,1,3340,111,25,2,1,1,1,2,47,SBS11-target
mut_669,1,3345,280,14,2,1,1,2,3,15,SBS20-target
mut_670,1,3350,280,92,2,1,2,2,3,12,SBS7c-target
mut_671,1,3355,308,130,2,1,2,2,3,42,SBS24-target
mut_672,1,3360,225,67,2,1,2,2,3,15,SBS3-target
mut_673,1,3365,31,20,2,1,2,2,3,65,SBS8-target
mut_674,1,3370,246,49,2,1,1,1,2,47,other-12
mut_675,1,3375,285,13,2,0,1,2,2,44,SBS46-target
mut_676,1,3380,433,35,2,2,1,2,4,15,SBS25-target
mut_677,1,3385,172,27,2,1,1,1,2,45,SBS32-target
mut_678,1,3390,306,125,2,0,2,2,2,37,SBS17b-target
mut_679,1,3395,13,72,2,0,2,2,2,44,SBS40-target
mut_680,1,3400,63,2,2,1,1,1,2,15,SBS10a-target
mut_681,1,3405,99,142,2,1,2,2,3,35,SBS11-target
mut_682,1,3410,246,246,2,1,3,3,4,45,SBS4-target
mut_683,1,3415,193,30,2,1,1,1,2,34,SBS16-target
mut_684,1,3420,336,16,2,1,1,1,2,33,SBS20-target
mut_685,1,3425,182,32,2,1,1,2,3,76,SBS48-target
mut_686,1,3430,202,82,2,0,1,1,1,15,SBS84-target
mut_687,1,3435,278,80,2,1,1,2,3,46,SBS10b-target
mut_688,1,3440,104,46,2,0,1,1,1,47,other-11
mut_689,1,3445,209,95,2,1,1,1,2,71,other-6
mut_690,1,3450,237,55,2,1,1,2,3,32,SBS37-target
mut_691,1,3455,128,48,2,1,2,2,3,15,SBS31-target
mut_692,1,3460,70,29,2,0,1,1,1,34,SBS1-target
mut_693,1,3465,108,39,2,1,1,1,2,46,SBS2-target
mut_694,1,3470,339,148,2,1,1,1,2,46,SBS5-target
mut_695,1,3475,238,213,2,1,1,1,2,15,SBS45-target
mut_696,1,3480,197,119,2,1,3,4,5,7,SBS19-target
mut_697,1,3485,65,2,2,2,1,2,4,60,SBS1-target
mut_698,1,3490,342,98,2,1,3,3,4,43,SBS10a-target
mut_699,1,3495,165,13,2,2,1,2,4,34,SBS5-target
mut_700,1,3500,210,45,2,0,1,1,1,33,SBS32-target
mut_701,1,3505,90,42,2,1,1,1,2,38,other-10
mut_702,1,3510,180,14,2,1,1,2,3,41,SBS12-target
mut_703,1,3515,279,130,2,1,1,1,2,33,SBS1-target
mut_704,1,3520,136,44,2,1,3,3,4,5,SBS4-target
mut_705,1,3525,146,61,2,1,1,1,2,94,SBS7c-target
mut_706,1,3530,390,35,2,1,1,2,3,15,SBS40-target
mut_707,1,3535,266,179,2,1,1,1,2,44,SBS21-target
mut_708,1,3540,387,29,2,0,1,2,2,46,SBS57-target
mut_709,1,3545,291,16,2,3,1,3,6,42,SBS20-target
mut_710,1,3550,461,33,2,1,1,1,2,32,SBS17b-target
mut_711,1,3555,408,84,2,1,1,2,3,34,SBS56-target
mut_712,1,3560,350,81,2,1,1,1,2,44,SBS5-target
mut_713,1,3565,121,22,2,0,1,2,2,12,other-9
mut_714,1,3570,327,102,2,1,1,1,2,43,SBS17a-target
mut_715,1,3575,192,66,2,1,1,1,2,45,SBS49-target
mut_716,1,3580,275,119,2,1,2,2,3,46,SBS10b-target
mut_717,1,3585,46,21,2,1,2,2,3,32,other-9
mut_718,1,3590,104,96,2,0,1,1,1,9,SBS16-target
mut_719,1,3595,114,12,2,1,1,1,2,12,SBS10a-target
mut_720,1,3600,343,49,2,1,1,2,3,46,other-9
mut_721,1,3605,177,86,2,0,1,2,2,42,SBS45-target
mut_722,1,3610,51,7,2,1,2,2,3,44,SBS17b-target
mut_723,1,3615,134,79,2,1,1,1,2,41,SBS41-target
mut_724,1,3620,214,105,2,0,1,1,1,15,SBS13-target
mut_725,1,3625,342,33,2,1,1,2,3,15,SBS26-target
mut_726,1,3630,345,121,2,1,1,1,2,46,SBS16-target
mut_727,1,3635,64,46,2,0,1,1,1,40,SBS49-target
mut_728,1,3640,187,50,2,1,1,2,3,44,SBS46-target
mut_729,1,3645,289,157,2,0,1,2,2,41,SBS14-target
mut_730,1,3650,354,87,2,1,1,2,3,55,SBS10a-target
mut_731,1,3655,73,63,2,0,1,2,2,7,SBS60-target
mut_732,1,3660,332,76,2,1,1,1,2,34,other-1
mut_733,1,3665,362,74,2,1,1,1,2,84,other-10
mut_734,1,3670,128,32,2,1,1,1,2,32,SBS38-target
mut_735,1,3675,74,18,2,1,2,2,3,15,SBS17a-target
mut_736,1,3680,226,43,2,1,1,1,2,46,SBS13-target
mut_737,1,3685,337,113,2,1,1,2,3,1,SBS10a-target
mut_738,1,3690,243,95,2,1,1,1,2,34,SBS16-target
mut_739,1,3695,376,123,2,1,1,1,2,60,SBS9-target
mut_740,1,3700,250,49,2,1,1,2,3,44,SBS10b-target
mut_741,1,3705,339,29,2,1,1,2,3,3,SBS55-target
mut_742,1,3710,126,1,2,1,1,3,4,46,SBS32-target
mut_743,1,3715,334,54,2,0,1,2,2,44,SBS24-target
mut_744,1,3720,42,62,2,1,2,2,3,12,SBS60-target
mut_745,1,3725,178,59,2,1,1,1,2,15,SBS10a-target
mut_746,1,3730,71,13,2,1,2,2,3,15,SBS12-target
mut_747,1,3735,133,13,2,1,1,2,3,15,SBS84-target
mut_748,1,3740,37,24,2,0,1,1,1,15,SBS9-target
mut_749,1,3745,115,26,2,0,1,1,1,11,SBS3-target
mut_750,1,3750,93,24,2,0,1,2,2,45,SBS11-target
mut_751,1,3755,168,58,2,0,2,2,2,11,SBS52-target
mut_752,1,3760,150,60,2,1,1,1,2,33,SBS21-target
mut_753,1,3765,155,54,2,1,1,1,2,12,SBS8-target
mut_754,1,3770,220,152,2,1,2,2,3,46,SBS10b-target
mut_755,1,3775,309,22,2,1,1,1,2,15,other-8
mut_756,1,3780,126,26,2,1,1,1,2,15,SBS19-target
mut_757,1,3785,217,71,2,1,1,1,2,46,SBS53-target
mut_758,1,3790,123,26,2,0,2,2,2,15,other-13
mut_759,1,3795,350,40,2,2,1,2,4,15,other-10
mut_760,1,3800,122,35,2,1,1,1,2,62,SBS40-target
mut_761,1,3805,282,182,2,1,2,2,3,46,SBS22-target
mut_762,1,3810,103,21,2,1,2,2,3,46,SBS39-target
mut_763,1,3815,44,16,2,0,2,2,2,44,SBS28-target
mut_764,1,3820,244,55,2,2,1,2,4,44,SBS7b-target
mut_765,1,3825,60,21,2,1,1,1,2,33,SBS51-target
mut_766,1,3830,356,29,2,1,1,1,2,44,SBS2-target
mut_767,1,3835,88,10,2,1,1,1,2,37,SBS12-target
mut_768,1,3840,244,58,2,2,1,2,4,76,SBS24-target
mut_769,1,3845,101,11,2,1,1,2,3,88,SBS10b-target
mut_770,1,3850,55,3,2,2,1,2,4,48,SBS11-target
mut_771,1,3855,191,20,2,1,1,1,2,47,SBS7c-target
mut_772,1,3860,88,21,2,1,1,1,2,47,SBS15-target
mut_773,1,3865,42,22,2,0,2,2,2,79,SBS53-target
mut_774,1,3870,239,97,2,0,1,2,2,34,SBS7a-target
mut_775,1,3875,338,67,2,2,2,2,4,44,SBS17b-target
mut_776,1,3880,170,125,2,0,1,1,1,45,SBS38-target
mut_777,1,3885,329,77,2,1,1,1,2,44,SBS53-target
mut_778,1,3890,282,212,2,0,1,1,1,60,SBS45-target
mut_779,1,3895,114,20,2,1,1,1,2,33,SBS84-target
mut_780,1,3900,95,51,2,0,1,1,1,41,SBS43-target
mut_781,1,3905,227,47,2,0,1,1,1,15,SBS11-target
mut_782,1,3910,128,26,2,0,1,2,2,68,SBS23-target
mut_783,1,3915,362,122,2,0,1,2,2,50,SBS4-target
mut_784,1,3920,365,100,2,1,1,1,2,0,SBS10a-target
mut_785,1,3925,354,117,2,0,1,1,1,15,SBS8-target
mut_786,1,3930,59,21,2,1,1,2,3,42,SBS7c-target
mut_787,1,3935,376,102,2,1,1,2,3,34,SBS1-target
mut_788,1,3940,309,136,2,0,2,2,2,33,SBS11-target
mut_789,1,3945,39,18,2,1,1,1,2,62,SBS4-target
mut_790,1,3950,219,180,2,0,1,1,1,46,SBS7b-target
mut_791,1,3955,377,92,2,1,2,2,3,12,SBS10a-target
mut_792,1,3960,85,44,2,2,2,2,4,47,SBS4-target
mut_793,1,3965,257,180,2,1,2,2,3,15,SBS23-target
mut_794,1,3970,146,30,2,0,1,1,1,45,SBS48-target
mut_795,1,3975,197,21,2,1,1,2,3,34,SBS1-target
mut_796,1,3980,83,17,2,1,1,1,2,44,SBS10a-target
mut_797,1,3985,253,37,2,1,2,3,4,1,SBS24-target
mut_798,1,3990,74,26,2,1,1,1,2,47,SBS58-target
mut_799,1,3995,309,67,2,1,1,1,2,44,other-8
mut_800,1,4000,81,115,2,0,1,1,1,34,SBS60-target
mut_801,1,4005,41,16,2,1,1,1,2,45,other-14
mut_802,1,4010,190,91,2,1,1,1,2,34,other-4
mut_803,1,4015,285,148,2,0,1,1,1,65,SBS10a-target
mut_804,1,4020,276,110,2,0,1,1,1,45,other-14
mut_805,1,4025,414,73,2,1,1,1,2,15,SBS7c-target
mut_806,1,4030,110,140,2,0,1,1,1,38,SBS51-target
mut_807,1,4035,277,49,2,1,1,1,2,69,SBS44-target
mut_808,1,4040,389,74,2,1,1,1,2,15,SBS38-target
mut_809,1,4045,390,57,2,1,1,1,2,45,SBS7d-target
mut_810,1,4050,87,284,2,0,1,1,1,3,SBS12-target
mut_811,1,4055,187,127,2,1,1,1,2,0,other-10
mut_812,1,4060,96,31,2,1,1,1,2,44,SBS33-target
mut_813,1,4065,336,64,2,1,2,2,3,46,SBS54-target
mut_814,1,4070,241,47,2,1,1,1,2,15,SBS42-target
mut_815,1,4075,430,46,2,1,1,1,2,15,SBS58-target
mut_816,1,4080,171,56,2,0,1,1,1,32,other-9
mut_817,1,4085,115,24,2,1,1,1,2,12,SBS39-target
mut_818,1,4090,316,75,2,1,1,1,2,15,SBS10a-target
mut_819,1,4095,307,130,2,1,1,1,2,59,SBS21-target
mut_820,1,4100,333,63,2,1,1,1,2,44,SBS1-target
mut_821,1,4105,164,29,2,1,2,2,3,47,SBS50-target
mut_822,1,4110,108,43,2,1,1,1,2,38,SBS1-target
mut_823,1,4115,71,4,2,1,1,2,3,73,SBS10a-target
mut_824,1,4120,233,45,2,1,2,3,4,12,SBS10a-target
mut_825,1,4125,332,33,2,1,1,1,2,63,SBS55-target
mut_826,1,4130,68,46,2,1,1,1,2,46,SBS53-target
mut_827,1,4135,390,92,2,1,1,1,2,12,SBS8-target
mut_828,1,4140,291,152,2,1,1,1,2,34,other-13
mut_829,1,4145,362,72,2,1,2,3,4,47,SBS17a-target
mut_830,1,4150,280,84,2,1,1,1,2,47,SBS16-target
mut_831,1,4155,336,75,2,1,1,2,3,15,SBS10a-target
mut_832,1,4160,83,135,2,0,2,2,2,5,SBS35-target
mut_833,1,4165,209,76,2,1,2,2,3,7,SBS42-target
mut_834,1,4170,125,126,2,1,1,1,2,9,SBS3-target
mut_835,1,4175,252,229,2,1,1,1,2,44,SBS32-target
mut_836,1,4180,282,69,2,1,1,1,2,41,SBS32-target
mut_837,1,4185,151,38,2,1,1,2,3,45,SBS7c-target
mut_838,1,4190,112,28,2,1,2,2,3,15,SBS10a-target
mut_839,1,4195,192,60,2,1,1,3,4,47,other-1
mut_840,1,4200,121,56,2,1,1,1,2,38,other-4
mut_841,1,4205,315,49,2,0,1,2,2,41,SBS11-target
mut_842,1,4210,264,72,2,1,1,2,3,44,SBS2-target
mut_843,1,4215,73,80,2,0,2,2,2,34,SBS1-target
mut_844,1,4220,322,145,2,1,1,1,2,51,SBS34-target
mut_845,1,4225,45,11,2,0,1,1,1,45,SBS58-target
mut_846,1,4230,191,94,2,0,1,1,1,37,SBS11-target
mut_847,1,4235,341,72,2,1,2,2,3,15,SBS30-target
mut_848,1,4240,267,179,2,1,2,2,3,34,SBS56-target
mut_849,1,4245,28,23,2,0,1,1,1,33,SBS6-target
mut_850,1,4250,256,20,2,1,1,2,3,44,SBS42-target
mut_851,1,4255,150,33,2,1,1,1,2,44,SBS17a-target
mut_852,1,4260,33,21,2,0,1,1,1,38,other-3
mut_853,1,4265,415,64,2,1,2,2,3,31,SBS2-target
mut_854,1,4270,292,48,2,1,1,1,2,12,SBS52-target
mut_855,1,4275,194,183,2,0,1,1,1,7,SBS7c-target
mut_856,1,4280,424,42,2,1,1,1,2,44,SBS26-target
mut_857,1,4285,90,7,2,1,1,1,2,15,SBS10a-target
mut_858,1,4290,74,19,2,1,1,2,3,47,SBS32-target
mut_859,1,4295,126,138,2,0,1,1,1,31,other-14
mut_860,1,4300,275,80,2,1,1,1,2,46,SBS10b-target
mut_861,1,4305,89,40,2,0,1,1,1,15,SBS40-target
mut_862,1,4310,433,43,2,1,1,1,2,15,SBS10a-target
mut_863,1,4315,115,106,2,0,1,1,1,47,SBS53-target
mut_864,1,4320,140,15,2,1,1,1,2,47,other-7
mut_865,1,4325,440,58,2,1,1,1,2,46,SBS10b-target
mut_866,1,4330,332,44,2,2,2,3,5,34,SBS1-target
mut_867,1,4335,189,249,2,0,1,1,1,34,SBS8-target
mut_868,1,4340,163,28,2,1,1,1,2,38,SBS35-target
mut_869,1,4345,439,35,2,1,1,1,2,15,SBS36-target
mut_870,1,4350,342,136,2,0,1,1,1,47,SBS2-target
mut_871,1,4355,150,48,2,1,1,1,2,47,SBS40-target
mut_872,1,4360,104,30,2,1,1,1,2,41,SBS36-target
mut_873,1,4365,72,24,2,0,1,2,2,54,SBS55-target
mut_874,1,4370,353,60,2,0,1,2,2,46,SBS26-target
mut_875,1,4375,65,25,2,1,2,2,3,35,SBS1-target
mut_876,1,4380,226,195,2,1,1,1,2,15,SBS56-target
mut_877,1,4385,236,96,2,0,1,1,1,15,SBS27-target
mut_878,1,4390,135,48,2,1,2,4,5,35,SBS36-target
mut_879,1,4395,237,94,2,1,1,1,2,4,SBS5-target
mut_880,1,4400,63,16,2,1,1,1,2,44,SBS51-target
mut_881,1,4405,170,112,2,1,2,2,3,42,other-10
mut_882,1,4410,435,55,2,0,1,2,2,44,SBS16-target
mut_883,1,4415,263,34,2,0,1,2,2,34,other-14
mut_884,1,4420,90,10,2,1,1,1,2,15,SBS45-target
mut_885,1,4425,61,24,2,1,1,1,2,38,SBS1-target
mut_886,1,4430,314,105,2,0,1,2,2,46,SBS2-target
mut_887,1,4435,329,149,2,1,1,2,3,46,SBS28-target
mut_888,1,4440,199,103,2,0,1,1,1,45,SBS23-target
mut_889,1,4445,300,195,2,0,2,2,2,47,SBS84-target
mut_890,1,4450,206,249,2,0,1,1,1,63,SBS9-target
mut_891,1,4455,425,63,2,1,1,1,2,3,SBS28-target
mut_892,1,4460,360,99,2,1,1,2,3,15,SBS10a-target
mut_893,1,4465,139,21,2,1,1,1,2,57,other-12
mut_894,1,4470,312,20,2,1,1,2,3,60,SBS31-target
mut_895,1,4475,148,12,2,1,1,2,3,15,SBS13-target
mut_896,1,4480,168,61,2,1,1,1,2,38,SBS34-target
mut_897,1,4485,275,180,2,0,1,1,1,39,SBS15-target
mut_898,1,4490,416,37,2,1,1,2,3,44,other-10
mut_899,1,4495,120,57,2,0,1,1,1,12,SBS9-target
mut_900,1,4500,142,31,2,1,2,2,3,92,SBS10a-target
mut_901,1,4505,383,33,2,1,2,3,4,47,SBS84-target
mut_902,1,4510,62,37,2,0,1,2,2,44,SBS2-target
mut_903,1,4515,423,66,2,1,1,1,2,39,SBS32-target
mut_904,1,4520,199,219,2,2,2,2,4,41,other-11
mut_905,1,4525,131,19,2,0,1,2,2,15,other-3
mut_906,1,4530,299,147,2,0,1,1,1,15,SBS84-target
mut_907,1,4535,88,14,2,1,1,1,2,37,SBS17a-target
mut_908,1,4540,391,41,2,1,1,2,3,44,SBS2-target
mut_909,1,4545,132,173,2,1,2,2,3,15,SBS52-target
mut_910,1,4550,268,52,2,2,1,3,5,34,SBS24-target
mut_911,1,4555,117,38,2,1,1,1,2,39,SBS11-target
mut_912,1,4560,344,80,2,1,1,3,4,44,SBS30-target
mut_913,1,4565,250,204,2,1,1,1,2,37,SBS2-target
mut_914,1,4570,350,70,2,0,1,1,1,44,SBS18-target
mut_915,1,4575,344,35,2,0,1,2,2,15,SBS59-target
mut_916,1,4580,130,37,2,1,1,2,3,37,SBS31-target
mut_917,1,4585,301,175,2,0,1,1,1,11,SBS53-target
mut_918,1,4590,150,5,2,2,1,2,4,15,SBS5-target
mut_919,1,4595,103,110,2,0,1,1,1,71,SBS7c-target
mut_920,1,4600,93,49,2,0,1,1,1,47,SBS2-target
mut_921,1,4605,392,103,2,1,2,2,3,11,SBS16-target
mut_922,1,4610,299,58,2,1,1,1,2,45,SBS50-target
mut_923,1,4615,274,33,2,1,1,1,2,45,SBS52-target
mut_924,1,4620,79,83,2,0,1,1,1,1,SBS49-target
mut_925,1,4625,184,102,2,1,1,1,2,12,SBS56-target
mut_926,1,4630,238,48,2,0,2,3,3,43,SBS11-target
mut_927,1,4635,230,210,2,0,1,1,1,37,SBS84-target
mut_928,1,4640,198,87,2,0,1,1,1,44,SBS17b-target
mut_929,1,4645,265,87,2,0,2,2,2,39,SBS23-target
mut_930,1,4650,61,18,2,2,2,2,4,15,SBS37-target
mut_931,1,4655,88,23,2,1,1,2,3,37,SBS11-target
mut_932,1,4660,318,83,2,1,1,1,2,38,SBS1-target
mut_933,1,4665,169,139,2,2,2,3,5,47,SBS17a-target
mut_934,1,4670,223,111,2,0,1,1,1,11,SBS6-target
mut_935,1,4675,412,82,2,1,1,1,2,37,SBS51-target
mut_936,1,4680,344,93,2,1,1,1,2,43,SBS59-target
mut_937,1,4685,245,122,2,1,2,2,3,47,SBS52-target
mut_938,1,4690,88,27,2,1,1,1,2,47,SBS28-target
mut_939,1,4695,354,91,2,1,1,2,3,19,SBS10a-target
mut_940,1,4700,74,69,2,0,1,1,1,79,SBS10a-target
mut_941,1,4705,242,70,2,1,1,1,2,48,SBS52-target
mut_942,1,4710,281,41,2,0,1,2,2,47,SBS27-target
mut_943,1,4715,250,102,2,1,2,2,3,47,SBS2-target
mut_944,1,4720,164,43,2,0,1,2,2,63,SBS7c-target
mut_945,1,4725,110,41,2,1,1,1,2,15,SBS22-target
mut_946,1,4730,114,112,2,1,1,1,2,42,SBS56-target
mut_947,1,4735,336,156,2,1,2,2,3,71,SBS7c-target
mut_948,1,4740,382,70,2,1,1,2,3,45,other-14
mut_949,1,4745,73,15,2,1,1,2,3,88,SBS8-target
mut_950,1,4750,365,45,2,1,1,2,3,47,SBS17a-target
mut_951,1,4755,142,25,2,1,1,1,2,44,SBS4-target
mut_952,1,4760,90,54,2,1,1,1,2,10,SBS43-target
mut_953,1,4765,208,55,2,1,1,2,3,63,SBS10b-target
mut_954,1,4770,338,140,2,1,1,1,2,47,SBS7c-target
mut_955,1,4775,262,37,2,0,1,2,2,12,SBS10a-target
mut_956,1,4780,256,127,2,1,1,1,2,47,other-7
mut_957,1,4785,122,29,2,0,1,1,1,45,SBS59-target
mut_958,1,4790,94,26,2,1,1,1,2,44,SBS27-target
mut_959,1,4795,107,12,2,1,2,2,3,45,SBS3-target
mut_960,1,4800,97,36,2,0,1,1,1,15,SBS10a-target
mut_961,1,4805,358,44,2,1,1,1,2,15,SBS35-target
mut_962,1,4810,132,35,2,1,2,2,3,15,other-13
mut_963,1,4815,391,105,2,1,3,3,4,15,SBS10a-target
mut_964,1,4820,270,14,2,1,1,2,3,45,SBS30-target
mut_965,1,4825,311,144,2,1,1,1,2,3,SBS44-target
mut_966,1,4830,51,8,2,2,2,2,4,15,other-6
mut_967,1,4835,320,58,2,1,1,2,3,3,SBS52-target
mut_968,1,4840,286,42,2,1,1,1,2,35,SBS21-target
mut_969,1,4845,198,72,2,1,1,1,2,54,other-13
mut_970,1,4850,125,33,2,1,2,2,3,41,SBS38-target
mut_971,1,4855,342,59,2,1,1,3,4,12,SBS2-target
mut_972,1,4860,141,60,2,1,1,2,3,63,SBS7c-target
mut_973,1,4865,267,76,2,1,1,2,3,15,other-8
mut_974,1,4870,22,43,2,0,1,1,1,49,SBS8-target
mut_975,1,4875,159,163,2,0,1,1,1,43,other-7
mut_976,1,4880,101,34,2,1,1,2,3,33,SBS11-target
mut_977,1,4885,48,11,2,1,1,1,2,49,SBS57-target
mut_978,1,4890,90,99,2,1,2,2,3,46,SBS42-target
mut_979,1,4895,82,28,2,1,1,2,3,43,SBS60-target
mut_980,1,4900,75,5,2,2,2,2,4,47,SBS2-target
mut_981,1,4905,174,43,2,1,1,1,2,46,other-5
mut_982,1,4910,285,126,2,0,1,1,1,39,SBS52-target
mut_983,1,4915,101,38,2,0,1,1,1,45,SBS2-target
mut_984,1,4920,295,100,2,1,1,1,2,31,SBS13-target
mut_985,1,4925,26,35,2,0,2,2,2,4,SBS4-target
mut_986,1,4930,243,25,2,1,1,2,3,45,SBS11-target
mut_987,1,4935,359,93,2,0,1,1,1,41,SBS11-target
mut_988,1,4940,88,41,2,0,1,1,1,46,SBS28-target
mut_989,1,4945,192,76,2,1,1,1,2,15,SBS36-target
mut_990,1,4950,108,110,2,1,1,1,2,40,SBS11-target
mut_991,1,4955,429,42,2,1,1,2,3,95,SBS10a-target
mut_992,1,4960,355,133,2,1,1,2,3,42,other-5
mut_993,1,4965,214,199,2,0,1,1,1,37,SBS50-target
mut_994,1,4970,91,35,2,1,1,1,2,45,SBS34-target
mut_995,1,4975,445,44,2,1,1,4,5,46,SBS12-target
mut_996,1,4980,447,38,2,1,1,2,3,45,SBS11-target
mut_997,1,4985,246,36,2,1,1,1,2,38,SBS8-target
mut_998,1,4990,145,23,2,0,1,1,1,12,SBS18-target
mut_999,1,4995,202,161,2,1,1,1,2,15,SBS10a-target
mut_1000,1,5000,269,27,2,1,1,2,3,15,SBS7b-target
mut_1001,1,5005,211,68,2,0,1,1,1,45,SBS7b-target
mut_1002,1,5010,220,194,2,0,1,1,1,77,SBS18-target
mut_1003,1,5015,424,49,2,1,1,1,2,1,SBS51-target
mut_1004,1,5020,143,14,2,1,1,1,2,45,SBS1-target
mut_1005,1,5025,59,10,2,1,1,2,3,34,SBS1-target
mut_1006,1,5030,204,125,2,1,2,2,3,34,other-6
mut_1007,1,5035,200,162,2,1,2,2,3,12,SBS8-target
mut_1008,1,5040,356,68,2,1,1,1,2,39,other-11
mut_1009,1,5045,131,63,2,1,1,1,2,91,other-6
mut_1010,1,5050,60,48,2,0,1,1,1,44,SBS2-target
mut_1011,1,5055,326,128,2,1,2,2,3,39,SBS11-target
mut_1012,1,5060,322,38,2,1,1,2,3,72,SBS15-target
mut_1013,1,5065,270,108,2,0,1,2,2,24,SBS46-target
mut_1014,1,5070,117,35,2,0,1,1,1,46,SBS84-target
mut_1015,1,5075,403,73,2,1,2,2,3,47,other-9
mut_1016,1,5080,37,86,2,1,3,3,4,50,other-6
mut_1017,1,5085,340,41,2,1,2,3,4,44,SBS34-target
mut_1018,1,5090,318,81,2,0,1,1,1,15,SBS35-target
mut_1019,1,5095,203,55,2,1,1,1,2,46,SBS57-target
mut_1020,1,5100,333,96,2,1,1,1,2,37,SBS31-target
mut_1021,1,5105,251,116,2,0,1,1,1,37,SBS4-target
mut_1022,1,5110,121,55,2,2,2,3,5,47,SBS11-target
mut_1023,1,5115,141,66,2,1,2,2,3,15,SBS3-target
mut_1024,1,5120,290,57,2,1,1,1,2,15,SBS11-target
mut_1025,1,5125,133,58,2,1,2,2,3,40,SBS10a-target
mut_1026,1,5130,65,10,2,0,1,1,1,44,SBS2-target
mut_1027,1,5135,389,46,2,1,1,2,3,41,other-12
mut_1028,1,5140,277,85,2,1,2,2,3,1,SBS34-target
mut_1029,1,5145,331,19,2,2,1,2,4,47,SBS2-target
mut_1030,1,5150,363,74,2,1,1,1,2,45,SBS11-target
mut_1031,1,5155,174,19,2,2,1,2,4,3,SBS54-target
mut_1032,1,5160,237,138,2,0,1,1,1,44,SBS34-target
mut_1033,1,5165,108,33,2,1,1,1,2,34,SBS18-target
mut_1034,1,5170,318,144,2,1,1,1,2,43,SBS10a-target
mut_1035,1,5175,230,48,2,1,1,3,4,5,SBS57-target
mut_1036,1,5180,284,58,2,0,1,1,1,15,SBS58-target
mut_1037,1,5185,273,65,2,1,2,2,3,15,other-11
mut_1038,1,5190,54,32,2,1,2,2,3,15,SBS10b-target
mut_1039,1,5195,201,37,2,2,2,2,4,44,SBS2-target
mut_1040,1,5200,372,96,2,1,1,1,2,45,SBS85-target
mut_1041,1,5205,317,123,2,0,1,1,1,47,SBS10b-target
mut_1042,1,5210,144,75,2,0,1,2,2,39,SBS8-target
mut_1043,1,5215,75,21,2,1,1,2,3,48,other-5
mut_1044,1,5220,302,91,2,0,1,1,1,64,SBS34-target
mut_1045,1,5225,67,9,2,1,1,1,2,44,SBS2-target
mut_1046,1,5230,207,277,2,0,1,1,1,42,SBS16-target
mut_1047,1,5235,360,73,2,1,1,1,2,47,SBS49-target
mut_1048,1,5240,67,43,2,1,3,3,4,37,SBS32-target
mut_1049,1,5245,284,153,2,0,1,1,1,47,SBS54-target
mut_1050,1,5250,229,64,2,1,1,1,2,15,SBS2-target
mut_1051,1,5255,224,60,2,1,2,2,3,44,other-13
mut_1052,1,5260,17,159,2,0,2,2,2,63,SBS57-target
mut_1053,1,5265,176,34,2,2,2,2,4,11,SBS13-target
mut_1054,1,5270,216,46,2,1,2,2,3,63,SBS10b-target
mut_1055,1,5275,160,44,2,1,1,1,2,33,SBS10a-target
mut_1056,1,5280,191,56,2,1,1,2,3,15,SBS58-target
mut_1057,1,5285,180,95,2,0,1,1,1,42,SBS9-target
mut_1058,1,5290,176,67,2,1,2,2,3,47,SBS23-target
mut_1059,1,5295,313,113,2,0,1,1,1,44,SBS2-target
mut_1060,1,5300,114,27,2,1,1,2,3,15,other-10
mut_1061,1,5305,57,21,2,0,1,2,2,33,SBS17a-target
mut_1062,1,5310,201,38,2,1,1,2,3,44,SBS60-target
mut_1063,1,5315,318,43,2,1,1,2,3,47,SBS47-target
mut_1064,1,5320,407,71,2,1,1,2,3,55,SBS17a-target
mut_1065,1,5325,232,247,2,0,1,1,1,46,SBS60-target
mut_1066,1,5330,141,133,2,0,1,1,1,34,other-11
mut_1067,1,5335,190,50,2,0,1,1,1,15,SBS7c-target
mut_1068,1,5340,78,68,2,1,2,2,3,63,SBS21-target
mut_1069,1,5345,191,29,2,1,2,2,3,33,SBS25-target
mut_1070,1,5350,281,64,2,1,1,1,2,35,SBS18-target
mut_1071,1,5355,61,18,2,1,1,2,3,3,other-8
mut_1072,1,5360,214,144,2,1,1,1,2,15,other-7
mut_1073,1,5365,101,126,2,0,1,1,1,63,other-12
mut_1074,1,5370,259,27,2,1,1,2,3,47,SBS36-target
mut_1075,1,5375,233,90,2,0,1,1,1,15,other-13
mut_1076,1,5380,212,158,2,1,2,2,3,33,other-1
mut_1077,1,5385,151,174,2,0,2,2,2,41,SBS25-target
mut_1078,1,5390,281,158,2,1,1,1,2,55,SBS45-target
mut_1079,1,5395,297,49,2,1,1,1,2,37,SBS17a-target
mut_1080,1,5400,354,42,2,1,1,1,2,47,SBS2-target
mut_1081,1,5405,47,6,2,2,2,2,4,95,SBS10b-target
mut_1082,1,5410,311,100,2,2,2,3,5,50,SBS5-target
mut_1083,1,5415,77,9,2,1,1,2,3,15,SBS31-target
mut_1084,1,5420,63,177,2,0,1,1,1,34,SBS60-target
mut_1085,1,5425,75,40,2,1,1,1,2,3,SBS8-target
mut_1086,1,5430,332,109,2,1,2,2,3,15,SBS40-target
mut_1087,1,5435,67,53,2,0,1,1,1,37,SBS41-target
mut_1088,1,5440,118,43,2,1,2,2,3,47,SBS45-target
mut_1089,1,5445,135,61,2,0,2,2,2,37,SBS11-target
mut_1090,1,5450,390,52,2,1,1,1,2,43,SBS48-target
mut_1091,1,5455,100,147,2,0,2,2,2,42,SBS47-target
mut_1092,1,5460,331,51,2,1,1,1,2,47,SBS85-target
mut_1093,1,5465,254,56,2,1,1,1,2,15,SBS10a-target
mut_1094,1,5470,357,52,2,1,1,2,3,15,SBS10a-target
mut_1095,1,5475,380,106,2,0,1,1,1,46,SBS13-target
mut_1096,1,5480,210,92,2,0,1,1,1,15,SBS10a-target
mut_1097,1,5485,244,147,2,1,1,1,2,33,SBS29-target
mut_1098,1,5490,263,107,2,1,1,1,2,34,other-5
mut_1099,1,5495,142,40,2,1,1,1,2,3,other-14
mut_1100,1,5500,195,215,2,0,1,1,1,12,SBS4-target
mut_1101,1,5505,220,117,2,0,1,1,1,63,SBS27-target
mut_1102,1,5510,142,28,2,1,1,1,2,46,SBS37-target
mut_1103,1,5515,167,71,2,1,1,1,2,42,other-6
mut_1104,1,5520,131,55,2,1,1,1,2,34,other-11
mut_1105,1,5525,359,72,2,1,2,3,4,15,SBS46-target
mut_1106,1,5530,362,59,2,0,1,2,2,47,SBS10a-target
mut_1107,1,5535,31,41,2,0,1,1,1,51,SBS53-target
mut_1108,1,5540,335,65,2,1,1,1,2,45,SBS57-target
mut_1109,1,5545,39,13,2,1,1,1,2,43,SBS11-target
mut_1110,1,5550,248,211,2,0,2,2,2,38,SBS23-target
mut_1111,1,5555,72,20,2,1,1,2,3,51,SBS40-target
mut_1112,1,5560,313,130,2,1,1,1,2,34,SBS1-target
mut_1113,1,5565,54,138,2,0,1,1,1,15,SBS10a-target
mut_1114,1,5570,123,113,2,1,2,2,3,13,SBS1-target
mut_1115,1,5575,267,76,2,1,1,1,2,33,SBS11-target
mut_1116,1,5580,195,62,2,1,1,1,2,53,SBS4-target
mut_1117,1,5585,151,16,2,1,1,1,2,44,SBS46-target
mut_1118,1,5590,200,123,2,0,1,1,1,48,SBS35-target
mut_1119,1,5595,248,90,2,1,2,2,3,44,SBS16-target
mut_1120,1,5600,259,15,2,1,1,2,3,15,SBS10a-target
mut_1121,1,5605,232,86,2,1,1,1,2,7,SBS50-target
mut_1122,1,5610,114,13,2,2,1,2,4,47,SBS2-target
mut_1123,1,5615,270,71,2,1,1,1,2,34,SBS49-target
mut_1124,1,5620,223,71,2,0,1,1,1,45,SBS28-target
mut_1125,1,5625,61,12,2,2,2,2,4,5,SBS43-target
mut_1126,1,5630,85,12,2,1,1,1,2,7,SBS8-target
mut_1127,1,5635,189,177,2,0,1,1,1,47,SBS44-target
mut_1128,1,5640,333,166,2,1,1,1,2,95,SBS47-target
mut_1129,1,5645,115,5,2,1,1,1,2,15,SBS55-target
mut_1130,1,5650,288,45,2,1,1,4,5,33,other-12
mut_1131,1,5655,299,57,2,1,1,1,2,15,SBS23-target
mut_1132,1,5660,119,12,2,1,1,1,2,15,SBS10a-target
mut_1133,1,5665,54,35,2,0,1,1,1,15,other-5
mut_1134,1,5670,318,104,2,1,1,1,2,34,other-11
mut_1135,1,5675,51,60,2,0,1,1,1,14,SBS38-target
mut_1136,1,5680,156,15,2,1,1,2,3,15,SBS40-target
mut_1137,1,5685,103,6,2,0,1,2,2,12,SBS3-target
mut_1138,1,5690,318,27,2,1,1,1,2,43,other-13
mut_1139,1,5695,283,34,2,1,1,2,3,33,SBS23-target
mut_1140,1,5700,319,75,2,1,1,1,2,15,SBS20-target
mut_1141,1,5705,307,163,2,1,1,1,2,34,SBS10a-target
mut_1142,1,5710,88,18,2,2,1,2,4,44,SBS84-target
mut_1143,1,5715,249,51,2,0,1,2,2,45,SBS11-target
mut_1144,1,5720,270,129,2,0,1,1,1,17,SBS41-target
mut_1145,1,5725,403,84,2,1,1,1,2,11,SBS36-target
mut_1146,1,5730,34,23,2,0,2,2,2,46,SBS10b-target
mut_1147,1,5735,230,27,2,1,2,2,3,15,other-12
mut_1148,1,5740,110,52,2,1,2,2,3,3,SBS2-target
mut_1149,1,5745,226,9,2,1,1,2,3,47,SBS2-target
mut_1150,1,5750,435,63,2,1,1,1,2,44,SBS38-target
mut_1151,1,5755,153,201,2,0,1,1,1,3,SBS33-target
mut_1152,1,5760,350,66,2,1,2,2,3,44,SBS5-target
mut_1153,1,5765,322,28,2,1,1,3,4,47,SBS26-target
mut_1154,1,5770,50,13,2,1,1,1,2,37,SBS11-target
mut_1155,1,5775,169,88,2,0,1,2,2,45,SBS52-target
mut_1156,1,5780,191,49,2,0,1,2,2,44,SBS2-target
mut_1157,1,5785,172,298,2,1,2,2,3,49,SBS8-target
mut_1158,1,5790,273,48,2,1,1,2,3,12,SBS41-target
mut_1159,1,5795,143,16,2,1,2,2,3,15,SBS13-target
mut_1160,1,5800,236,89,2,1,1,1,2,54,SBS60-target
mut_1161,1,5805,72,18,2,1,1,1,2,13,SBS4-target
mut_1162,1,5810,95,11,2,1,2,2,3,15,SBS7d-target
mut_1163,1,5815,376,99,2,0,1,1,1,44,SBS16-target
mut_1164,1,5820,306,171,2,1,2,2,3,76,SBS33-target
mut_1165,1,5825,30,26,2,1,1,1,2,12,SBS1-target
mut_1166,1,5830,261,128,2,0,1,1,1,46,SBS85-target
mut_1167,1,5835,72,18,2,1,2,2,3,47,SBS21-target
mut_1168,1,5840,221,83,2,0,1,1,1,46,SBS10b-target
mut_1169,1,5845,87,57,2,0,1,1,1,1,SBS10a-target
mut_1170,1,5850,102,34,2,1,2,2,3,15,SBS25-target
mut_1171,1,5855,131,85,2,1,2,3,4,15,other-3
mut_1172,1,5860,380,111,2,1,1,1,2,15,SBS10b-target
mut_1173,1,5865,55,10,2,1,1,1,2,15,SBS46-target
mut_1174,1,5870,223,34,2,1,1,1,2,15,SBS85-target
mut_1175,1,5875,408,26,2,1,1,1,2,15,SBS3-target
mut_1176,1,5880,269,59,2,1,2,2,3,46,SBS49-target
mut_1177,1,5885,328,54,2,1,1,1,2,35,other-9
mut_1178,1,5890,96,99,2,0,1,1,1,79,other-3
mut_1179,1,5895,58,2,2,2,2,4,6,15,other-4
mut_1180,1,5900,121,111,2,0,1,1,1,34,SBS60-target
mut_1181,1,5905,155,9,2,1,1,1,2,15,SBS10a-target
mut_1182,1,5910,51,61,2,0,2,2,2,47,other-13
mut_1183,1,5915,148,36,2,1,1,1,2,45,SBS10a-target
mut_1184,1,5920,125,184,2,0,1,1,1,7,SBS10a-target
mut_1185,1,5925,76,9,2,1,1,1,2,5,SBS4-target
mut_1186,1,5930,71,44,2,1,1,1,2,12,SBS25-target
mut_1187,1,5935,345,98,2,0,1,1,1,37,SBS3-target
mut_1188,1,5940,245,66,2,0,1,1,1,41,SBS45-target
mut_1189,1,5945,171,47,2,1,1,1,2,45,SBS3-target
mut_1190,1,5950,46,6,2,1,1,2,3,95,SBS10b-target
mut_1191,1,5955,55,14,2,1,1,1,2,5,other-12
mut_1192,1,5960,130,42,2,1,1,1,2,34,SBS9-target
mut_1193,1,5965,38,174,2,0,1,1,1,5,SBS48-target
mut_1194,1,5970,182,34,2,1,1,1,2,44,SBS2-target
mut_1195,1,5975,46,8,2,1,1,1,2,46,other-11
mut_1196,1,5980,264,26,2,1,1,1,2,43,SBS25-target
mut_1197,1,5985,297,70,2,1,1,1,2,41,SBS33-target
mut_1198,1,5990,195,90,2,0,1,1,1,44,SBS10b-target
mut_1199,1,5995,128,18,2,1,1,1,2,39,SBS11-target
mut_1200,1,6000,323,101,2,1,2,2,3,45,SBS11-target
mut_1201,1,6005,280,67,2,0,1,1,1,47,SBS8-target
mut_1202,1,6010,102,108,2,0,1,1,1,54,SBS2-target
mut_1203,1,6015,94,42,2,1,2,2,3,34,SBS43-target
mut_1204,1,6020,297,74,2,0,1,1,1,61,SBS50-target
mut_1205,1,6025,126,36,2,0,1,1,1,15,SBS10a-target
mut_1206,1,6030,169,47,2,0,1,3,3,46,SBS5-target
mut_1207,1,6035,269,69,2,1,1,1,2,59,SBS7a-target
mut_1208,1,6040,254,171,2,1,1,1,2,44,SBS17b-target
mut_1209,1,6045,252,183,2,0,1,1,1,9,SBS18-target
mut_1210,1,6050,370,69,2,0,1,1,1,46,other-13
mut_1211,1,6055,77,295,2,0,1,1,1,35,SBS38-target
mut_1212,1,6060,253,101,2,1,1,1,2,47,SBS11-target
mut_1213,1,6065,417,26,2,1,1,1,2,42,other-2
mut_1214,1,6070,184,71,2,0,1,1,1,35,SBS11-target
mut_1215,1,6075,421,68,2,1,1,2,3,12,SBS13-target
mut_1216,1,6080,450,30,2,1,1,1,2,44,SBS37-target
mut_1217,1,6085,224,105,2,1,2,2,3,47,SBS4-target
mut_1218,1,6090,139,26,2,1,1,1,2,44,SBS43-target
mut_1219,1,6095,155,21,2,1,1,2,3,47,SBS47-target
mut_1220,1,6100,97,6,2,1,1,2,3,15,SBS8-target
mut_1221,1,6105,336,149,2,1,2,2,3,15,SBS1-target
mut_1222,1,6110,346,63,2,1,1,1,2,45,SBS31-target
mut_1223,1,6115,350,78,2,1,1,1,2,45,SBS2-target
mut_1224,1,6120,97,40,2,1,1,1,2,45,SBS39-target
mut_1225,1,6125,333,76,2,1,1,2,3,95,SBS26-target
mut_1226,1,6130,56,31,2,1,2,2,3,16,SBS4-target
mut_1227,1,6135,138,36,2,1,2,2,3,51,SBS45-target
mut_1228,1,6140,406,82,2,1,1,1,2,76,SBS60-target
mut_1229,1,6145,62,19,2,1,1,1,2,44,SBS24-target
mut_1230,1,6150,183,48,2,0,1,1,1,46,SBS10b-target
mut_1231,1,6155,355,40,2,1,1,2,3,15,other-14
mut_1232,1,6160,66,30,2,1,1,1,2,34,SBS58-target
mut_1233,1,6165,212,53,2,0,1,2,2,43,other-13
mut_1234,1,6170,259,70,2,0,1,1,1,15,SBS1-target
mut_1235,1,6175,150,32,2,1,1,1,2,39,SBS4-target
mut_1236,1,6180,39,15,2,0,1,1,1,41,SBS60-target
mut_1237,1,6185,229,101,2,0,1,1,1,46,SBS49-target
mut_1238,1,6190,308,85,2,1,2,2,3,45,SBS17b-target
mut_1239,1,6195,46,51,2,0,1,1,1,47,other-5
mut_1240,1,6200,209,61,2,1,1,2,3,39,SBS7b-target
mut_1241,1,6205,121,149,2,0,1,1,1,38,SBS1-target
mut_1242,1,6210,139,55,2,1,2,2,3,15,other-10
mut_1243,1,6215,256,137,2,1,2,2,3,34,other-13
mut_1244,1,6220,263,83,2,0,1,1,1,47,SBS56-target
mut_1245,1,6225,341,81,2,1,1,1,2,44,SBS33-target
mut_1246,1,6230,235,97,2,1,1,1,2,46,SBS60-target
mut_1247,1,6235,335,98,2,1,3,3,4,42,SBS10b-target
mut_1248,1,6240,319,132,2,1,1,2,3,3,SBS57-target
mut_1249,1,6245,57,226,2,0,2,2,2,13,SBS25-target
mut_1250,1,6250,236,69,2,1,1,1,2,2,SBS43-target
mut_1251,1,6255,147,39,2,1,1,1,2,13,SBS60-target
mut_1252,1,6260,219,219,2,0,1,1,1,42,SBS40-target
mut_1253,1,6265,438,54,2,1,1,3,4,34,other-4
mut_1254,1,6270,169,239,2,0,2,2,2,46,SBS37-target
mut_1255,1,6275,217,53,2,1,1,1,2,35,SBS21-target
mut_1256,1,6280,138,212,2,0,2,2,2,4,SBS4-target
mut_1257,1,6285,164,63,2,1,1,1,2,41,SBS11-target
mut_1258,1,6290,86,22,2,1,1,1,2,41,SBS11-target
mut_1259,1,6295,261,124,2,1,1,1,2,46,other-14
mut_1260,1,6300,149,94,2,1,1,1,2,13,SBS20-target
mut_1261,1,6305,115,30,2,1,1,2,3,63,SBS8-target
mut_1262,1,6310,136,281,2,0,1,1,1,61,SBS32-target
mut_1263,1,6315,309,80,2,0,1,1,1,47,SBS17a-target
mut_1264,1,6320,20,137,2,0,3,3,3,41,SBS11-target
mut_1265,1,6325,367,133,2,1,1,1,2,38,SBS55-target
mut_1266,1,6330,309,42,2,0,1,1,1,47,other-11
mut_1267,1,6335,54,15,2,0,2,2,2,44,SBS27-target
mut_1268,1,6340,375,108,2,1,2,2,3,47,SBS84-target
mut_1269,1,6345,112,59,2,1,1,1,2,32,SBS11-target
mut_1270,1,6350,392,90,2,1,1,2,3,42,SBS17a-target
mut_1271,1,6355,132,15,2,1,1,1,2,43,SBS2-target
mut_1272,1,6360,292,30,2,1,1,1,2,95,SBS10a-target
mut_1273,1,6365,76,88,2,0,1,2,2,9,SBS19-target
mut_1274,1,6370,321,119,2,0,1,1,1,15,other-14
mut_1275,1,6375,187,65,2,1,1,1,2,47,SBS11-target
mut_1276,1,6380,93,26,2,1,1,1,2,39,SBS52-target
mut_1277,1,6385,214,46,2,1,2,2,3,45,other-7
mut_1278,1,6390,117,65,2,0,1,2,2,8,SBS54-target
mut_1279,1,6395,48,6,2,1,2,2,3,47,other-3
mut_1280,1,6400,164,64,2,1,1,1,2,46,SBS7d-target
mut_1281,1,6405,319,55,2,1,1,2,3,0,SBS53-target
mut_1282,1,6410,125,42,2,1,1,2,3,3,SBS4-target
mut_1283,1,6415,161,122,2,0,1,1,1,43,SBS6-target
mut_1284,1,6420,35,61,2,0,1,1,1,95,SBS10a-target
mut_1285,1,6425,401,62,2,1,1,2,3,23,SBS84-target
mut_1286,1,6430,185,11,2,2,1,2,4,9,SBS49-target
mut_1287,1,6435,331,87,2,1,2,2,3,15,SBS7c-target
mut_1288,1,6440,283,172,2,1,2,2,3,34,SBS6-target
mut_1289,1,6445,324,71,2,1,1,1,2,37,SBS58-target
mut_1290,1,6450,245,42,2,1,2,2,3,39,SBS56-target
mut_1291,1,6455,251,92,2,1,1,1,2,32,SBS2-target
mut_1292,1,6460,338,91,2,0,2,2,2,15,SBS57-target
mut_1293,1,6465,53,19,2,1,1,2,3,42,SBS9-target
mut_1294,1,6470,87,34,2,1,2,2,3,93,SBS57-target
mut_1295,1,6475,366,18,2,2,1,2,4,15,SBS10a-target
mut_1296,1,6480,251,182,2,0,1,1,1,0,SBS34-target
mut_1297,1,6485,278,95,2,1,2,2,3,15,SBS13-target
mut_1298,1,6490,279,89,2,0,1,1,1,45,SBS33-target
mut_1299,1,6495,144,152,2,1,1,1,2,65,SBS8-target
mut_1300,1,6500,77,3,2,1,1,2,3,41,other-3
mut_1301,1,6505,334,34,2,1,1,1,2,45,SBS2-target
mut_1302,1,6510,340,117,2,1,1,1,2,42,SBS41-target
mut_1303,1,6515,366,133,2,1,2,2,3,43,SBS60-target
mut_1304,1,6520,198,99,2,0,1,1,1,46,SBS17b-target
mut_1305,1,6525,244,61,2,1,3,3,4,46,SBS2-target
mut_1306,1,6530,116,43,2,1,1,1,2,46,SBS39-target
mut_1307,1,6535,119,42,2,1,1,1,2,34,SBS7a-target
mut_1308,1,6540,109,43,2,0,2,2,2,15,SBS59-target
mut_1309,1,6545,269,59,2,1,1,1,2,46,SBS10b-target
mut_1310,1,6550,243,51,2,1,1,1,2,15,SBS42-target
mut_1311,1,6555,226,45,2,1,2,3,4,15,SBS48-target
mut_1312,1,6560,315,83,2,1,1,1,2,47,SBS21-target
mut_1313,1,6565,178,192,2,0,1,1,1,34,SBS57-target
mut_1314,1,6570,188,13,2,1,1,2,3,44,SBS2-target
mut_1315,1,6575,269,97,2,0,1,1,1,47,SBS16-target
mut_1316,1,6580,81,30,2,0,2,2,2,47,SBS42-target
mut_1317,1,6585,323,94,2,0,1,2,2,15,SBS24-target
mut_1318,1,6590,149,50,2,1,3,3,4,47,SBS60-target
mut_1319,1,6595,261,45,2,1,2,2,3,15,other-4
mut_1320,1,6600,198,148,2,0,1,1,1,37,SBS11-target
mut_1321,1,6605,268,44,2,1,2,2,3,47,SBS22-target
mut_1322,1,6610,136,231,2,1,2,2,3,52,SBS8-target
mut_1323,1,6615,165,56,2,2,2,2,4,38,SBS1-target
mut_1324,1,6620,112,51,2,1,1,1,2,7,SBS28-target
mut_1325,1,6625,262,42,2,1,1,1,2,15,SBS17a-target
mut_1326,1,6630,113,31,2,1,2,2,3,39,SBS22-target
mut_1327,1,6635,34,34,2,0,1,1,1,7,SBS7c-target
mut_1328,1,6640,130,23,2,1,1,1,2,43,SBS42-target
mut_1329,1,6645,174,61,2,0,1,1,1,45,SBS16-target
mut_1330,1,6650,71,39,2,1,1,1,2,34,SBS2-target
mut_1331,1,6655,278,71,2,1,2,2,3,37,other-9
mut_1332,1,6660,214,140,2,1,1,1,2,7,SBS30-target
mut_1333,1,6665,320,127,2,3,3,3,6,38,SBS14-target
mut_1334,1,6670,28,90,2,0,1,1,1,38,SBS43-target
mut_1335,1,6675,243,62,2,1,1,2,3,33,SBS11-target
mut_1336,1,6680,75,34,2,1,2,2,3,44,SBS2-target
mut_1337,1,6685,291,88,2,1,1,2,3,34,SBS57-target
mut_1338,1,6690,286,57,2,1,1,1,2,15,SBS6-target
mut_1339,1,6695,114,358,2,0,1,1,1,72,SBS7d-target
mut_1340,1,6700,202,25,2,1,1,2,3,42,SBS7b-target
mut_1341,1,6705,165,106,2,2,2,2,4,38,SBS57-target
mut_1342,1,6710,68,62,2,0,2,2,2,34,other-13
mut_1343,1,6715,245,14,2,1,1,1,2,64,other-7
mut_1344,1,6720,173,16,2,1,1,1,2,46,SBS39-target
mut_1345,1,6725,103,11,2,1,1,2,3,75,other-10
mut_1346,1,6730,56,278,2,0,1,1,1,0,SBS56-target
mut_1347,1,6735,287,58,2,2,2,4,6,41,SBS7c-target
mut_1348,1,6740,50,13,2,1,1,1,2,63,SBS14-target
mut_1349,1,6745,66,14,2,1,1,1,2,15,SBS41-target
mut_1350,1,6750,55,17,2,1,2,2,3,45,SBS35-target
mut_1351,1,6755,116,44,2,0,1,2,2,65,SBS4-target
mut_1352,1,6760,357,89,2,2,2,2,4,44,SBS37-target
mut_1353,1,6765,447,52,2,1,1,1,2,15,SBS10a-target
mut_1354,1,6770,30,97,2,0,2,2,2,4,SBS48-target
mut_1355,1,6775,66,13,2,1,1,1,2,15,other-3
mut_1356,1,6780,178,35,2,1,1,1,2,47,SBS11-target
mut_1357,1,6785,159,42,2,1,2,2,3,15,SBS10a-target
mut_1358,1,6790,71,10,2,1,1,1,2,15,SBS34-target
mut_1359,1,6795,282,123,2,1,1,1,2,36,SBS29-target
mut_1360,1,6800,361,138,2,1,1,1,2,46,SBS1-target
mut_1361,1,6805,108,26,2,1,2,2,3,47,other-3
mut_1362,1,6810,236,152,2,0,1,1,1,44,SBS2-target
mut_1363,1,6815,171,60,2,1,1,1,2,35,SBS25-target
mut_1364,1,6820,103,89,2,0,1,1,1,33,SBS11-target
mut_1365,1,6825,189,18,2,1,1,1,2,15,other-7
mut_1366,1,6830,382,42,2,1,1,1,2,34,SBS60-target
mut_1367,1,6835,105,149,2,0,2,2,2,38,SBS22-target
mut_1368,1,6840,243,57,2,1,1,2,3,71,SBS28-target
mut_1369,1,6845,167,16,2,1,1,1,2,0,SBS51-target
mut_1370,1,6850,245,68,2,0,1,2,2,36,SBS11-target
mut_1371,1,6855,47,61,2,0,1,1,1,37,other-2
mut_1372,1,6860,204,22,2,1,1,2,3,44,SBS7b-target
mut_1373,1,6865,196,44,2,1,1,1,2,44,SBS2-target
mut_1374,1,6870,92,40,2,0,1,1,1,47,SBS11-target
mut_1375,1,6875,71,7,2,1,1,1,2,63,SBS56-target
mut_1376,1,6880,363,62,2,1,1,1,2,46,SBS35-target
mut_1377,1,6885,73,16,2,1,2,2,3,44,SBS60-target
mut_1378,1,6890,99,38,2,1,1,1,2,35,SBS42-target
mut_1379,1,6895,279,63,2,1,3,3,4,47,SBS22-target
mut_1380,1,6900,313,13,2,1,1,2,3,47,SBS47-target
mut_1381,1,6905,126,25,2,1,1,2,3,12,SBS10a-target
mut_1382,1,6910,59,34,2,1,2,2,3,45,SBS33-target
mut_1383,1,6915,283,143,2,1,2,2,3,15,SBS38-target
mut_1384,1,6920,45,26,2,1,2,3,4,38,SBS85-target
mut_1385,1,6925,314,72,2,1,1,2,3,63,SBS7c-target
mut_1386,1,6930,132,63,2,0,2,2,2,45,SBS8-target
mut_1387,1,6935,45,9,2,1,1,1,2,63,SBS7d-target
mut_1388,1,6940,219,193,2,0,1,1,1,76,SBS42-target
mut_1389,1,6945,142,120,2,1,1,1,2,45,SBS4-target
mut_1390,1,6950,325,69,2,1,1,1,2,32,SBS10a-target
mut_1391,1,6955,85,90,2,0,1,1,1,42,other-1
mut_1392,1,6960,60,11,2,1,2,2,3,43,SBS35-target
mut_1393,1,6965,213,91,2,0,1,1,1,46,SBS45-target
mut_1394,1,6970,70,14,2,2,3,4,6,44,other-7
mut_1395,1,6975,43,18,2,1,3,3,4,59,SBS55-target
mut_1396,1,6980,69,89,2,0,1,1,1,38,other-11
mut_1397,1,6985,355,63,2,1,1,2,3,41,SBS34-target
mut_1398,1,6990,53,31,2,0,1,1,1,37,SBS14-target
mut_1399,1,6995,210,32,2,1,1,2,3,42,SBS47-target
mut_1400,1,7000,193,53,2,1,2,2,3,12,SBS33-target
mut_1401,1,7005,254,116,2,2,2,2,4,48,SBS19-target
mut_1402,1,7010,188,56,2,0,1,1,1,15,SBS43-target
mut_1403,1,7015,78,62,2,1,1,1,2,46,SBS10b-target
mut_1404,1,7020,149,85,2,1,1,1,2,45,SBS10b-target
mut_1405,1,7025,157,47,2,0,1,1,1,15,SBS4-target
mut_1406,1,7030,87,23,2,1,1,3,4,12,SBS60-target
mut_1407,1,7035,112,187,2,0,1,1,1,42,other-9
mut_1408,1,7040,158,187,2,0,1,1,1,42,SBS1-target
mut_1409,1,7045,253,48,2,1,1,3,4,34,SBS40-target
mut_1410,1,7050,432,65,2,1,1,2,3,46,SBS10b-target
mut_1411,1,7055,60,33,2,0,2,2,2,15,SBS29-target
mut_1412,1,7060,317,73,2,1,1,1,2,40,SBS1-target
mut_1413,1,7065,163,24,2,1,1,1,2,5,SBS4-target
mut_1414,1,7070,374,58,2,1,2,3,4,33,SBS7b-target
mut_1415,1,7075,91,53,2,1,1,2,3,44,SBS31-target
mut_1416,1,7080,97,54,2,1,2,2,3,79,SBS7a-target
mut_1417,1,7085,51,41,2,1,1,1,2,34,SBS48-target
mut_1418,1,7090,132,17,2,2,1,2,4,34,other-5
mut_1419,1,7095,150,338,2,0,1,1,1,36,other-13
mut_1420,1,7100,202,127,2,1,2,2,3,46,SBS42-target
mut_1421,1,7105,310,122,2,1,1,1,2,44,SBS4-target
mut_1422,1,7110,272,201,2,0,1,2,2,4,SBS27-target
mut_1423,1,7115,345,8,2,1,1,2,3,41,SBS11-target
mut_1424,1,7120,208,88,2,1,1,1,2,34,other-2
mut_1425,1,7125,213,69,2,1,1,1,2,42,SBS21-target
mut_1426,1,7130,313,145,2,1,2,2,3,46,SBS10b-target
mut_1427,1,7135,106,25,2,1,1,2,3,38,SBS34-target
mut_1428,1,7140,125,58,2,1,1,1,2,15,SBS10b-target
mut_1429,1,7145,334,31,2,1,1,1,2,75,SBS2-target
mut_1430,1,7150,216,120,2,1,1,1,2,47,SBS49-target
mut_1431,1,7155,413,26,2,1,1,2,3,15,SBS28-target
mut_1432,1,7160,91,54,2,0,1,1,1,33,other-13
mut_1433,1,7165,235,49,2,1,1,2,3,92,SBS10a-target
mut_1434,1,7170,30,36,2,0,2,2,2,63,SBS12-target
mut_1435,1,7175,250,19,2,1,1,1,2,15,SBS6-target
mut_1436,1,7180,260,36,2,1,1,1,2,46,SBS30-target
mut_1437,1,7185,213,68,2,1,2,3,4,46,SBS60-target
mut_1438,1,7190,319,134,2,0,1,2,2,34,SBS1-target
mut_1439,1,7195,223,25,2,1,1,1,2,46,SBS3-target
mut_1440,1,7200,301,30,2,1,1,2,3,15,other-14
mut_1441,1,7205,271,152,2,0,1,1,1,37,SBS84-target
mut_1442,1,7210,156,102,2,0,2,2,2,10,SBS9-target
mut_1443,1,7215,236,124,2,1,2,2,3,95,SBS31-target
mut_1444,1,7220,37,27,2,1,1,1,2,63,SBS25-target
mut_1445,1,7225,239,7,2,1,1,2,3,47,SBS25-target
mut_1446,1,7230,295,124,2,1,1,1,2,67,SBS29-target
mut_1447,1,7235,253,59,2,1,1,1,2,15,SBS46-target
mut_1448,1,7240,161,72,2,1,1,1,2,34,SBS52-target
mut_1449,1,7245,173,36,2,1,1,1,2,15,SBS10b-target
mut_1450,1,7250,195,39,2,1,1,1,2,42,SBS1-target
mut_1451,1,7255,143,35,2,1,1,2,3,42,SBS37-target
mut_1452,1,7260,62,45,2,0,1,2,2,44,other-1
mut_1453,1,7265,355,39,2,1,1,1,2,34,SBS23-target
mut_1454,1,7270,161,34,2,2,1,2,4,45,SBS49-target
mut_1455,1,7275,470,9,2,2,1,2,4,15,other-5
mut_1456,1,7280,156,42,2,1,1,1,2,44,SBS9-target
mut_1457,1,7285,82,26,2,1,2,2,3,42,SBS1-target
mut_1458,1,7290,57,46,2,0,1,1,1,9,SBS4-target
mut_1459,1,7295,310,122,2,1,1,1,2,34,SBS45-target
mut_1460,1,7300,318,91,2,1,1,1,2,5,SBS20-target
mut_1461,1,7305,84,14,2,1,1,2,3,4,other-10
mut_1462,1,7310,248,45,2,1,1,1,2,15,SBS10a-target
mut_1463,1,7315,168,25,2,1,1,1,2,46,SBS13-target
mut_1464,1,7320,178,206,2,0,2,2,2,48,other-2
mut_1465,1,7325,220,174,2,0,2,2,2,15,SBS10b-target
mut_1466,1,7330,299,126,2,2,2,2,4,59,SBS1-target
mut_1467,1,7335,233,121,2,0,1,1,1,93,other-8
mut_1468,1,7340,89,26,2,1,1,1,2,47,SBS28-target
mut_1469,1,7345,308,73,2,1,1,2,3,11,SBS46-target
mut_1470,1,7350,111,20,2,1,1,2,3,36,SBS4-target
mut_1471,1,7355,410,73,2,1,1,1,2,45,SBS2-target
mut_1472,1,7360,75,28,2,0,3,3,3,33,SBS45-target
mut_1473,1,7365,114,38,2,2,2,2,4,47,SBS47-target
mut_1474,1,7370,373,120,2,0,1,1,1,41,SBS11-target
mut_1475,1,7375,49,8,2,1,1,1,2,95,SBS3-target
mut_1476,1,7380,239,45,2,1,1,2,3,45,SBS51-target
mut_1477,1,7385,158,181,2,0,2,2,2,45,SBS60-target
mut_1478,1,7390,65,19,2,1,1,1,2,29,SBS16-target
mut_1479,1,7395,158,37,2,1,1,1,2,47,SBS17b-target
mut_1480,1,7400,230,237,2,0,1,1,1,38,SBS53-target
mut_1481,1,7405,408,64,2,1,1,2,3,6,SBS20-target
mut_1482,1,7410,60,27,2,0,1,1,1,47,SBS49-target
mut_1483,1,7415,163,56,2,1,1,1,2,4,SBS51-target
mut_1484,1,7420,324,121,2,1,1,1,2,37,SBS11-target
mut_1485,1,7425,220,33,2,1,1,2,3,46,SBS58-target
mut_1486,1,7430,71,35,2,1,1,1,2,79,SBS41-target
mut_1487,1,7435,367,38,2,1,1,2,3,38,other-4
mut_1488,1,7440,179,65,2,1,1,1,2,53,SBS8-target
mut_1489,1,7445,130,12,2,0,1,2,2,45,SBS16-target
mut_1490,1,7450,265,162,2,0,1,1,1,79,other-10
mut_1491,1,7455,293,131,2,0,1,1,1,47,SBS31-target
mut_1492,1,7460,366,90,2,1,1,1,2,15,SBS39-target
mut_1493,1,7465,360,65,2,0,1,5,5,38,SBS7b-target
mut_1494,1,7470,111,35,2,1,1,2,3,46,SBS1-target
mut_1495,1,7475,184,63,2,0,1,1,1,47,other-7
mut_1496,1,7480,125,119,2,0,2,2,2,47,SBS58-target
mut_1497,1,7485,84,194,2,0,1,1,1,50,SBS17a-target
mut_1498,1,7490,36,18,2,1,1,1,2,33,SBS21-target
mut_1499,1,7495,342,23,2,1,1,2,3,37,SBS23-target
mut_1500,1,7500,412,84,2,1,2,3,4,15,other-14
mut_1501,1,7505,277,51,2,1,1,1,2,15,other-11
mut_1502,1,7510,66,6,2,1,1,2,3,43,SBS1-target
mut_1503,1,7515,143,53,2,1,1,2,3,41,SBS11-target
mut_1504,1,7520,140,20,2,1,1,1,2,44,SBS16-target
mut_1505,1,7525,103,61,2,0,1,1,1,37,SBS34-target
mut_1506,1,7530,36,34,2,0,2,2,2,44,SBS17a-target
mut_1507,1,7535,92,247,2,0,2,2,2,47,SBS10b-target
mut_1508,1,7540,398,78,2,1,1,2,3,45,SBS17b-target
mut_1509,1,7545,337,44,2,1,1,2,3,15,SBS12-target
mut_1510,1,7550,153,38,2,1,1,1,2,42,SBS85-target
mut_1511,1,7555,214,8,2,1,1,2,3,21,other-11
mut_1512,1,7560,277,112,2,1,1,1,2,79,SBS39-target
mut_1513,1,7565,36,54,2,0,2,2,2,47,SBS8-target
mut_1514,1,7570,105,66,2,1,1,1,2,15,SBS10a-target
mut_1515,1,7575,210,214,2,0,2,2,2,41,other-5
mut_1516,1,7580,267,37,2,1,1,1,2,37,SBS32-target
mut_1517,1,7585,330,82,2,1,1,1,2,15,SBS18-target
mut_1518,1,7590,35,43,2,0,1,1,1,38,SBS36-target
mut_1519,1,7595,422,5,2,2,1,3,5,3,SBS51-target
mut_1520,1,7600,122,9,2,1,1,1,2,46,other-9
mut_1521,1,7605,258,168,2,1,2,2,3,34,SBS1-target
mut_1522,1,7610,219,45,2,1,1,1,2,44,other-1
mut_1523,1,7615,406,36,2,1,1,2,3,35,SBS47-target
mut_1524,1,7620,298,87,2,1,1,1,2,32,SBS40-target
mut_1525,1,7625,296,87,2,1,1,1,2,15,SBS40-target
mut_1526,1,7630,136,4,2,1,1,2,3,35,SBS11-target
mut_1527,1,7635,185,111,2,2,2,2,4,7,SBS36-target
mut_1528,1,7640,155,127,2,0,1,1,1,47,SBS39-target
mut_1529,1,7645,321,123,2,0,2,2,2,47,SBS1-target
mut_1530,1,7650,235,98,2,1,1,2,3,7,other-10
mut_1531,1,7655,136,97,2,0,1,1,1,15,other-6
mut_1532,1,7660,161,132,2,0,1,1,1,33,SBS41-target
mut_1533,1,7665,345,86,2,1,1,3,4,46,SBS57-target
mut_1534,1,7670,227,128,2,0,1,1,1,40,SBS11-target
mut_1535,1,7675,227,94,2,0,2,2,2,44,SBS2-target
mut_1536,1,7680,111,14,2,0,1,2,2,91,SBS60-target
mut_1537,1,7685,411,50,2,1,1,2,3,47,other-14
mut_1538,1,7690,261,174,2,0,1,1,1,15,SBS10a-target
mut_1539,1,7695,230,239,2,0,1,1,1,5,SBS29-target
mut_1540,1,7700,108,15,2,1,1,1,2,15,SBS45-target
mut_1541,1,7705,380,69,2,1,2,2,3,46,SBS27-target
mut_1542,1,7710,61,12,2,1,1,2,3,15,SBS10a-target
mut_1543,1,7715,72,17,2,0,1,1,1,15,SBS42-target
mut_1544,1,7720,342,64,2,1,1,1,2,35,SBS10b-target
mut_1545,1,7725,104,131,2,0,1,1,1,43,SBS19-target
mut_1546,1,7730,231,68,2,1,2,2,3,15,SBS10a-target
mut_1547,1,7735,299,82,2,0,1,2,2,12,SBS47-target
mut_1548,1,7740,444,49,2,1,1,1,2,80,SBS19-target
mut_1549,1,7745,275,192,2,1,3,3,4,15,SBS7b-target
mut_1550,1,7750,55,12,2,1,1,2,3,42,SBS45-target
mut_1551,1,7755,154,150,2,0,1,1,1,32,SBS46-target
mut_1552,1,7760,249,100,2,0,1,1,1,7,SBS10a-target
mut_1553,1,7765,103,25,2,1,2,2,3,12,other-3
mut_1554,1,7770,211,97,2,0,1,1,1,37,SBS85-target
mut_1555,1,7775,420,71,2,0,1,2,2,44,other-1
mut_1556,1,7780,290,41,2,1,1,2,3,44,SBS60-target
mut_1557,1,7785,53,23,2,1,1,1,2,3,SBS27-target
mut_1558,1,7790,100,98,2,0,1,1,1,5,SBS17b-target
mut_1559,1,7795,202,248,2,0,2,2,2,45,SBS24-target
mut_1560,1,7800,164,37,2,1,1,1,2,34,SBS45-target
mut_1561,1,7805,42,15,2,0,1,1,1,15,SBS14-target
mut_1562,1,7810,57,4,2,1,1,2,3,77,other-9
mut_1563,1,7815,421,21,2,1,1,2,3,44,SBS7c-target
mut_1564,1,7820,84,27,2,1,2,2,3,47,SBS2-target
mut_1565,1,7825,197,29,2,2,2,2,4,15,SBS7d-target
mut_1566,1,7830,98,4,2,1,1,1,2,46,other-7
mut_1567,1,7835,157,68,2,0,1,1,1,47,SBS4-target
mut_1568,1,7840,89,7,2,1,1,4,5,44,SBS32-target
mut_1569,1,7845,393,77,2,1,1,1,2,47,SBS19-target
mut_1570,1,7850,114,75,2,1,1,1,2,34,SBS29-target
mut_1571,1,7855,274,55,2,0,1,1,1,15,SBS38-target
mut_1572,1,7860,52,10,2,1,2,2,3,12,SBS10a-target
mut_1573,1,7865,335,53,2,1,1,1,2,44,SBS24-target
mut_1574,1,7870,146,162,2,0,1,1,1,34,SBS1-target
mut_1575,1,7875,377,116,2,1,1,1,2,42,SBS11-target
mut_1576,1,7880,92,32,2,1,3,3,4,15,SBS22-target
mut_1577,1,7885,152,13,2,1,1,1,2,47,SBS2-target
mut_1578,1,7890,172,38,2,1,1,1,2,44,SBS21-target
mut_1579,1,7895,334,58,2,1,1,1,2,15,SBS12-target
mut_1580,1,7900,187,52,2,1,1,1,2,76,SBS26-target
mut_1581,1,7905,263,36,2,1,1,1,2,15,SBS51-target
mut_1582,1,7910,116,30,2,1,1,2,3,34,other-9
mut_1583,1,7915,468,24,2,2,1,3,5,13,SBS50-target
mut_1584,1,7920,349,101,2,2,2,3,5,34,SBS4-target
mut_1585,1,7925,107,54,2,1,2,2,3,42,SBS22-target
mut_1586,1,7930,404,71,2,1,2,2,3,15,SBS15-target
mut_1587,1,7935,157,146,2,1,2,2,3,46,SBS51-target
mut_1588,1,7940,186,142,2,1,2,2,3,38,SBS1-target
mut_1589,1,7945,341,136,2,1,2,2,3,79,SBS58-target
mut_1590,1,7950,247,23,2,1,1,2,3,15,other-10
mut_1591,1,7955,100,74,2,0,1,1,1,95,SBS59-target
mut_1592,1,7960,206,73,2,0,1,1,1,45,SBS57-target
mut_1593,1,7965,336,65,2,1,1,2,3,46,SBS47-target
mut_1594,1,7970,54,5,2,1,1,1,2,42,SBS8-target
mut_1595,1,7975,47,15,2,0,1,1,1,7,SBS60-target
mut_1596,1,7980,408,57,2,1,1,2,3,47,SBS2-target
mut_1597,1,7985,186,49,2,1,1,1,2,43,SBS52-target
mut_1598,1,7990,388,40,2,2,2,2,4,15,SBS10a-target
mut_1599,1,7995,379,99,2,1,1,1,2,15,SBS10a-target
mut_1600,1,8000,104,144,2,0,2,2,2,4,SBS23-target
mut_1601,1,8005,98,40,2,1,1,1,2,34,SBS20-target
mut_1602,1,8010,193,34,2,1,1,1,2,63,SBS19-target
mut_1603,1,8015,258,50,2,1,1,2,3,34,SBS7a-target
mut_1604,1,8020,42,24,2,1,2,2,3,79,other-12
mut_1605,1,8025,216,117,2,1,1,1,2,38,SBS7b-target
mut_1606,1,8030,207,217,2,0,2,2,2,42,other-1
mut_1607,1,8035,208,86,2,1,1,1,2,45,other-3
mut_1608,1,8040,139,13,2,1,1,1,2,45,SBS12-target
mut_1609,1,8045,335,101,2,1,1,1,2,15,SBS58-target
mut_1610,1,8050,241,215,2,1,1,1,2,64,SBS4-target
mut_1611,1,8055,119,28,2,1,1,1,2,45,SBS10b-target
mut_1612,1,8060,79,9,2,1,1,2,3,15,SBS7d-target
mut_1613,1,8065,317,181,2,1,1,1,2,38,SBS37-target
mut_1614,1,8070,340,100,2,1,1,1,2,37,SBS7b-target
mut_1615,1,8075,127,68,2,0,3,3,3,41,SBS10a-target
mut_1616,1,8080,130,28,2,1,1,2,3,15,SBS10a-target
mut_1617,1,8085,302,182,2,1,1,1,2,79,other-6
mut_1618,1,8090,193,32,2,1,1,2,3,37,SBS4-target
mut_1619,1,8095,64,51,2,1,2,2,3,1,SBS4-target
mut_1620,1,8100,266,136,2,1,1,1,2,79,SBS49-target
mut_1621,1,8105,228,13,2,1,1,2,3,44,SBS56-target
mut_1622,1,8110,175,30,2,1,1,1,2,15,SBS24-target
mut_1623,1,8115,255,87,2,1,2,2,3,45,SBS11-target
mut_1624,1,8120,361,123,2,0,2,2,2,15,SBS10a-target
mut_1625,1,8125,46,22,2,1,2,2,3,39,SBS30-target
mut_1626,1,8130,182,80,2,0,1,2,2,42,SBS18-target
mut_1627,1,8135,68,21,2,0,1,1,1,15,SBS10a-target
mut_1628,1,8140,287,41,2,1,1,1,2,46,SBS51-target
mut_1629,1,8145,42,15,2,1,1,1,2,39,SBS49-target
mut_1630,1,8150,179,31,2,0,1,2,2,15,SBS48-target
mut_1631,1,8155,37,17,2,1,1,1,2,51,SBS4-target
mut_1632,1,8160,370,50,2,2,2,3,5,15,SBS15-target
mut_1633,1,8165,110,159,2,0,2,2,2,36,SBS7a-target
mut_1634,1,8170,425,22,2,1,1,3,4,46,SBS10b-target
mut_1635,1,8175,307,95,2,0,2,2,2,15,SBS10b-target
mut_1636,1,8180,285,85,2,0,1,2,2,25,SBS4-target
mut_1637,1,8185,241,82,2,1,1,2,3,51,SBS7c-target
mut_1638,1,8190,64,48,2,0,1,1,1,95,other-3
mut_1639,1,8195,274,171,2,1,1,1,2,38,SBS37-target
mut_1640,1,8200,72,104,2,0,2,2,2,58,SBS10a-target
mut_1641,1,8205,63,9,2,1,1,1,2,15,SBS10a-target
mut_1642,1,8210,213,20,2,2,1,2,4,47,SBS11-target
mut_1643,1,8215,73,25,2,0,1,1,1,15,SBS21-target
mut_1644,1,8220,384,78,2,1,1,1,2,15,SBS52-target
mut_1645,1,8225,47,17,2,0,1,1,1,46,SBS49-target
mut_1646,1,8230,76,15,2,1,1,1,2,15,SBS11-target
mut_1647,1,8235,43,10,2,1,2,2,3,41,SBS42-target
mut_1648,1,8240,139,75,2,0,1,1,1,34,SBS4-target
mut_1649,1,8245,67,198,2,1,3,3,4,33,SBS36-target
mut_1650,1,8250,229,16,2,1,1,2,3,15,SBS18-target
mut_1651,1,8255,84,21,2,1,1,1,2,15,SBS50-target
mut_1652,1,8260,24,88,2,0,1,1,1,34,SBS1-target
mut_1653,1,8265,61,37,2,1,1,1,2,33,other-7
mut_1654,1,8270,211,35,2,1,1,2,3,77,SBS6-target
mut_1655,1,8275,46,16,2,2,3,3,5,1,SBS12-target
mut_1656,1,8280,76,23,2,1,2,2,3,42,SBS17a-target
mut_1657,1,8285,122,10,2,1,1,3,4,15,SBS42-target
mut_1658,1,8290,265,29,2,1,1,1,2,15,SBS2-target
mut_1659,1,8295,238,57,2,1,1,1,2,41,SBS50-target
mut_1660,1,8300,143,27,2,1,1,1,2,2,SBS4-target
mut_1661,1,8305,49,56,2,0,2,2,2,48,SBS17a-target
mut_1662,1,8310,300,95,2,1,1,2,3,42,other-10
mut_1663,1,8315,313,29,2,1,1,1,2,37,SBS7b-target
mut_1664,1,8320,52,35,2,0,1,1,1,33,SBS7a-target
mut_1665,1,8325,52,29,2,1,1,1,2,34,other-3
mut_1666,1,8330,338,79,2,1,1,2,3,34,SBS1-target
mut_1667,1,8335,238,43,2,1,1,1,2,47,SBS2-target
mut_1668,1,8340,207,271,2,1,2,2,3,32,SBS42-target
mut_1669,1,8345,129,114,2,0,1,1,1,47,SBS14-target
mut_1670,1,8350,177,135,2,1,2,2,3,4,other-13
mut_1671,1,8355,178,85,2,0,1,2,2,46,SBS53-target
mut_1672,1,8360,186,54,2,0,2,2,2,15,SBS10a-target
mut_1673,1,8365,182,95,2,0,2,2,2,15,SBS34-target
mut_1674,1,8370,192,111,2,0,1,1,1,34,SBS38-target
mut_1675,1,8375,94,66,2,2,2,2,4,47,SBS4-target
mut_1676,1,8380,42,14,2,0,1,1,1,75,SBS10b-target
mut_1677,1,8385,249,197,2,1,1,1,2,11,SBS8-target
mut_1678,1,8390,162,30,2,2,1,2,4,42,SBS42-target
mut_1679,1,8395,161,25,2,1,1,1,2,45,other-14
mut_1680,1,8400,396,99,2,3,2,4,7,0,SBS52-target
mut_1681,1,8405,243,113,2,0,2,2,2,46,SBS14-target
mut_1682,1,8410,198,98,2,1,1,1,2,34,SBS5-target
mut_1683,1,8415,97,67,2,2,2,2,4,15,SBS10a-target
mut_1684,1,8420,145,120,2,1,1,1,2,41,SBS18-target
mut_1685,1,8425,250,58,2,1,1,1,2,47,SBS21-target
mut_1686,1,8430,238,40,2,1,1,1,2,12,SBS16-target
mut_1687,1,8435,285,73,2,1,1,2,3,0,other-7
mut_1688,1,8440,31,66,2,1,2,2,3,38,SBS33-target
mut_1689,1,8445,185,126,2,1,1,1,2,15,SBS49-target
mut_1690,1,8450,96,26,2,0,1,1,1,46,SBS8-target
mut_1691,1,8455,128,39,2,1,1,1,2,47,SBS44-target
mut_1692,1,8460,47,67,2,1,2,2,3,36,SBS14-target
mut_1693,1,8465,234,58,2,0,1,1,1,47,SBS10b-target
mut_1694,1,8470,92,11,2,1,1,1,2,15,SBS19-target
mut_1695,1,8475,89,41,2,1,2,2,3,51,SBS49-target
mut_1696,1,8480,294,115,2,1,1,1,2,13,SBS7c-target
mut_1697,1,8485,282,73,2,1,1,1,2,15,SBS10a-target
mut_1698,1,8490,219,136,2,1,1,1,2,42,SBS84-target
mut_1699,1,8495,161,46,2,1,1,2,3,63,other-11
mut_1700,1,8500,371,68,2,1,2,2,3,47,SBS59-target
mut_1701,1,8505,241,69,2,1,1,1,2,38,SBS1-target
mut_1702,1,8510,392,74,2,1,1,1,2,15,SBS48-target
mut_1703,1,8515,200,215,2,1,1,1,2,15,SBS24-target
mut_1704,1,8520,187,39,2,1,1,1,2,35,SBS3-target
mut_1705,1,8525,203,120,2,0,1,1,1,45,SBS11-target
mut_1706,1,8530,89,20,2,1,2,2,3,46,SBS17a-target
mut_1707,1,8535,94,56,2,0,1,2,2,47,SBS11-target
mut_1708,1,8540,228,64,2,1,1,2,3,47,other-2
mut_1709,1,8545,408,74,2,1,1,1,2,15,SBS10a-target
mut_1710,1,8550,124,12,2,1,1,2,3,46,SBS20-target
mut_1711,1,8555,51,13,2,1,1,1,2,15,SBS9-target
mut_1712,1,8560,234,179,2,2,2,2,4,7,SBS7b-target
mut_1713,1,8565,52,14,2,1,1,1,2,35,SBS30-target
mut_1714,1,8570,244,53,2,1,1,1,2,45,SBS51-target
mut_1715,1,8575,71,29,2,0,1,1,1,15,SBS10a-target
mut_1716,1,8580,97,85,2,0,1,1,1,47,SBS40-target
mut_1717,1,8585,289,33,2,1,1,2,3,64,SBS39-target
mut_1718,1,8590,143,41,2,1,2,2,3,45,SBS1-target
mut_1719,1,8595,354,68,2,1,1,2,3,63,other-9
mut_1720,1,8600,253,146,2,1,2,2,3,55,SBS34-target
mut_1721,1,8605,76,13,2,1,1,2,3,6,SBS35-target
mut_1722,1,8610,131,72,2,1,2,2,3,46,SBS10b-target
mut_1723,1,8615,218,93,2,1,1,1,2,64,SBS45-target
mut_1724,1,8620,397,55,2,1,1,1,2,46,SBS2-target
mut_1725,1,8625,118,39,2,0,1,1,1,15,SBS10a-target
mut_1726,1,8630,262,54,2,1,1,2,3,2,other-5
mut_1727,1,8635,337,33,2,1,1,1,2,46,SBS49-target
mut_1728,1,8640,119,51,2,0,1,1,1,40,SBS84-target
mut_1729,1,8645,366,106,2,1,1,1,2,15,SBS4-target
mut_1730,1,8650,74,11,2,0,1,3,3,15,SBS27-target
mut_1731,1,8655,368,95,2,0,1,1,1,46,SBS13-target
mut_1732,1,8660,69,42,2,1,1,1,2,43,SBS17b-target
mut_1733,1,8665,215,98,2,0,1,1,1,15,SBS15-target
mut_1734,1,8670,98,60,2,0,1,1,1,44,SBS7a-target
mut_1735,1,8675,81,227,2,0,1,1,1,8,SBS7d-target
mut_1736,1,8680,216,62,2,1,1,1,2,7,SBS29-target
mut_1737,1,8685,205,237,2,0,1,1,1,63,other-11
mut_1738,1,8690,162,122,2,0,1,1,1,15,SBS2-target
mut_1739,1,8695,262,51,2,1,2,3,4,47,SBS7d-target
mut_1740,1,8700,50,21,2,1,1,1,2,47,SBS2-target
mut_1741,1,8705,61,18,2,1,1,2,3,15,other-7
mut_1742,1,8710,100,334,2,0,1,1,1,42,SBS30-target
mut_1743,1,8715,210,67,2,1,1,1,2,13,SBS7d-target
mut_1744,1,8720,141,29,2,1,1,1,2,90,SBS36-target
mut_1745,1,8725,263,152,2,1,1,1,2,38,SBS1-target
mut_1746,1,8730,190,41,2,1,2,2,3,43,SBS10b-target
mut_1747,1,8735,138,39,2,1,1,1,2,33,SBS7b-target
mut_1748,1,8740,70,64,2,1,1,1,2,34,SBS1-target
mut_1749,1,8745,103,26,2,1,1,1,2,51,SBS7c-target
mut_1750,1,8750,213,52,2,0,1,1,1,44,SBS2-target
mut_1751,1,8755,269,69,2,1,2,2,3,45,SBS8-target
mut_1752,1,8760,338,152,2,1,1,1,2,55,SBS49-target
mut_1753,1,8765,115,22,2,1,1,1,2,44,SBS13-target
mut_1754,1,8770,198,46,2,1,1,2,3,15,SBS13-target
mut_1755,1,8775,122,15,2,0,1,2,2,44,SBS84-target
mut_1756,1,8780,74,12,2,1,1,2,3,62,other-9
mut_1757,1,8785,163,27,2,1,1,3,4,38,SBS44-target
mut_1758,1,8790,80,29,2,1,1,1,2,27,other-13
mut_1759,1,8795,163,58,2,1,1,1,2,5,SBS45-target
mut_1760,1,8800,183,11,2,1,1,2,3,46,SBS47-target
mut_1761,1,8805,42,21,2,0,1,2,2,6,SBS19-target
mut_1762,1,8810,297,182,2,0,1,1,1,44,other-1
mut_1763,1,8815,369,131,2,0,1,1,1,15,SBS59-target
mut_1764,1,8820,337,70,2,1,1,1,2,47,SBS55-target
mut_1765,1,8825,316,92,2,1,1,1,2,44,SBS13-target
mut_1766,1,8830,206,103,2,0,1,1,1,43,SBS7a-target
mut_1767,1,8835,241,133,2,0,1,1,1,47,SBS2-target
mut_1768,1,8840,269,34,2,1,1,2,3,45,SBS57-target
mut_1769,1,8845,269,101,2,0,1,1,1,44,SBS17a-target
mut_1770,1,8850,302,36,2,1,1,2,3,32,SBS28-target
mut_1771,1,8855,293,45,2,0,1,2,2,15,other-7
mut_1772,1,8860,286,50,2,1,1,2,3,90,SBS8-target
mut_1773,1,8865,366,35,2,1,2,3,4,15,SBS25-target
mut_1774,1,8870,100,155,2,0,1,1,1,78,SBS18-target
mut_1775,1,8875,85,24,2,1,2,2,3,15,SBS27-target
mut_1776,1,8880,175,83,2,0,3,3,3,47,SBS57-target
mut_1777,1,8885,64,8,2,1,1,2,3,34,SBS9-target
mut_1778,1,8890,174,110,2,1,1,1,2,45,SBS84-target
mut_1779,1,8895,220,35,2,1,2,2,3,45,SBS32-target
mut_1780,1,8900,235,75,2,1,1,1,2,44,SBS10a-target
mut_1781,1,8905,242,24,2,1,1,1,2,35,SBS11-target
mut_1782,1,8910,124,159,2,0,1,1,1,33,SBS85-target
mut_1783,1,8915,107,343,2,0,1,1,1,45,SBS9-target
mut_1784,1,8920,129,22,2,1,1,1,2,65,SBS45-target
mut_1785,1,8925,216,46,2,2,1,2,4,5,SBS28-target
mut_1786,1,8930,294,56,2,1,1,1,2,34,SBS27-target
mut_1787,1,8935,69,11,2,1,1,1,2,45,SBS11-target
mut_1788,1,8940,148,46,2,1,1,1,2,79,SBS59-target
mut_1789,1,8945,40,54,2,1,1,1,2,61,SBS24-target
mut_1790,1,8950,192,37,2,1,1,1,2,37,SBS11-target
mut_1791,1,8955,385,86,2,1,2,2,3,15,SBS14-target
mut_1792,1,8960,190,72,2,2,3,3,5,49,SBS46-target
mut_1793,1,8965,119,49,2,1,1,1,2,41,SBS55-target
mut_1794,1,8970,220,80,2,1,1,2,3,5,SBS4-target
mut_1795,1,8975,298,28,2,2,1,2,4,46,SBS10b-target
mut_1796,1,8980,182,16,2,1,1,1,2,15,SBS10a-target
mut_1797,1,8985,358,129,2,1,1,1,2,72,SBS18-target
mut_1798,1,8990,93,30,2,1,2,2,3,47,SBS13-target
mut_1799,1,8995,290,142,2,1,1,2,3,5,SBS17b-target
mut_1800,1,9000,214,100,2,1,1,2,3,46,SBS7a-target
mut_1801,1,9005,381,21,2,2,1,3,5,42,SBS1-target
mut_1802,1,9010,157,19,2,0,2,3,3,47,SBS14-target
mut_1803,1,9015,189,61,2,2,2,2,4,12,SBS54-target
mut_1804,1,9020,208,247,2,1,2,2,3,46,SBS11-target
mut_1805,1,9025,139,79,2,1,2,2,3,34,SBS1-target
mut_1806,1,9030,132,86,2,1,2,2,3,40,SBS7a-target
mut_1807,1,9035,156,40,2,1,1,1,2,46,other-13
mut_1808,1,9040,108,77,2,1,3,3,4,46,other-4
mut_1809,1,9045,265,91,2,1,2,3,4,34,SBS47-target
mut_1810,1,9050,271,96,2,0,2,2,2,10,SBS6-target
mut_1811,1,9055,216,83,2,1,1,1,2,35,SBS34-target
mut_1812,1,9060,60,21,2,1,1,1,2,21,SBS35-target
mut_1813,1,9065,380,104,2,1,2,2,3,46,SBS56-target
mut_1814,1,9070,151,82,2,1,1,1,2,46,SBS85-target
mut_1815,1,9075,154,47,2,1,1,1,2,41,SBS15-target
mut_1816,1,9080,175,26,2,1,1,2,3,41,SBS4-target
mut_1817,1,9085,91,147,2,1,2,2,3,42,SBS43-target
mut_1818,1,9090,388,55,2,1,1,1,2,44,SBS50-target
mut_1819,1,9095,144,59,2,0,2,2,2,12,other-2
mut_1820,1,9100,381,42,2,1,1,1,2,15,SBS17a-target
mut_1821,1,9105,207,37,2,0,1,2,2,47,SBS52-target
mut_1822,1,9110,304,156,2,0,1,2,2,47,other-11
mut_1823,1,9115,70,13,2,1,2,2,3,12,other-8
mut_1824,1,9120,222,8,2,1,1,2,3,15,SBS47-target
mut_1825,1,9125,284,69,2,1,1,1,2,33,SBS47-target
mut_1826,1,9130,355,116,2,1,1,1,2,42,SBS1-target
mut_1827,1,9135,180,74,2,0,2,2,2,35,SBS16-target
mut_1828,1,9140,59,10,2,1,1,1,2,47,SBS2-target
mut_1829,1,9145,182,34,2,2,2,4,6,33,SBS17b-target
mut_1830,1,9150,355,82,2,1,1,1,2,46,SBS34-target
mut_1831,1,9155,122,63,2,1,1,2,3,38,SBS1-target
mut_1832,1,9160,222,113,2,1,1,1,2,34,SBS1-target
mut_1833,1,9165,267,37,2,1,1,1,2,32,SBS28-target
mut_1834,1,9170,63,14,2,1,1,1,2,15,SBS33-target
mut_1835,1,9175,84,13,2,1,1,1,2,15,SBS33-target
mut_1836,1,9180,24,132,2,0,1,1,1,46,SBS50-target
mut_1837,1,9185,56,108,2,1,2,2,3,47,SBS50-target
mut_1838,1,9190,302,168,2,0,1,1,1,35,SBS25-target
mut_1839,1,9195,314,16,2,1,1,3,4,15,SBS26-target
mut_1840,1,9200,314,119,2,1,1,2,3,46,SBS7c-target
mut_1841,1,9205,314,47,2,1,1,2,3,15,SBS59-target
mut_1842,1,9210,209,35,2,1,1,1,2,15,SBS85-target
mut_1843,1,9215,177,272,2,1,2,2,3,44,SBS7d-target
mut_1844,1,9220,221,59,2,0,2,2,2,44,SBS6-target
mut_1845,1,9225,303,85,2,1,1,1,2,41,SBS11-target
mut_1846,1,9230,351,42,2,1,1,1,2,15,SBS10b-target
mut_1847,1,9235,318,126,2,1,1,1,2,45,SBS9-target
mut_1848,1,9240,94,4,2,1,1,2,3,95,SBS23-target
mut_1849,1,9245,173,118,2,0,2,2,2,44,SBS1-target
mut_1850,1,9250,98,113,2,0,1,1,1,47,SBS11-target
mut_1851,1,9255,297,132,2,1,1,1,2,41,SBS32-target
mut_1852,1,9260,400,90,2,1,3,4,5,15,SBS45-target
mut_1853,1,9265,422,38,2,1,1,2,3,32,other-12
mut_1854,1,9270,92,61,2,0,1,1,1,46,SBS36-target
mut_1855,1,9275,326,160,2,0,2,2,2,44,other-2
mut_1856,1,9280,65,4,2,1,1,2,3,44,SBS40-target
mut_1857,1,9285,334,117,2,1,2,4,5,45,SBS17b-target
mut_1858,1,9290,124,80,2,0,1,1,1,33,other-10
mut_1859,1,9295,109,30,2,1,1,1,2,35,SBS9-target
mut_1860,1,9300,306,47,2,1,1,1,2,46,SBS41-target
mut_1861,1,9305,379,62,2,1,1,1,2,47,SBS21-target
mut_1862,1,9310,251,51,2,1,2,2,3,44,SBS11-target
mut_1863,1,9315,62,13,2,1,1,1,2,47,SBS2-target
mut_1864,1,9320,334,98,2,1,2,2,3,45,SBS50-target
mut_1865,1,9325,215,65,2,1,2,2,3,46,SBS33-target
mut_1866,1,9330,337,118,2,0,1,1,1,46,SBS6-target
mut_1867,1,9335,97,42,2,1,1,2,3,13,SBS4-target
mut_1868,1,9340,257,99,2,0,1,1,1,77,other-2
mut_1869,1,9345,163,29,2,1,1,2,3,33,other-3
mut_1870,1,9350,251,89,2,0,2,2,2,88,SBS48-target
mut_1871,1,9355,423,57,2,1,1,1,2,44,SBS2-target
mut_1872,1,9360,336,60,2,1,1,2,3,43,SBS38-target
mut_1873,1,9365,194,15,2,1,1,1,2,12,SBS22-target
mut_1874,1,9370,141,36,2,0,1,2,2,5,SBS7b-target
mut_1875,1,9375,403,66,2,1,1,2,3,15,SBS10a-target
mut_1876,1,9380,330,119,2,1,3,3,4,44,SBS49-target
mut_1877,1,9385,137,24,2,1,1,1,2,35,other-3
mut_1878,1,9390,158,37,2,0,1,1,1,44,SBS2-target
mut_1879,1,9395,64,30,2,0,1,2,2,34,SBS1-target
mut_1880,1,9400,215,59,2,1,1,1,2,45,SBS41-target
mut_1881,1,9405,73,8,2,1,1,1,2,38,SBS24-target
mut_1882,1,9410,157,64,2,0,2,2,2,47,SBS20-target
mut_1883,1,9415,347,109,2,1,2,2,3,15,SBS10b-target
mut_1884,1,9420,98,21,2,1,1,1,2,15,SBS53-target
mut_1885,1,9425,55,21,2,1,2,2,3,33,SBS18-target
mut_1886,1,9430,246,81,2,0,1,1,1,15,SBS13-target
mut_1887,1,9435,37,17,2,1,1,1,2,11,SBS22-target
mut_1888,1,9440,134,150,2,0,2,2,2,79,other-4
mut_1889,1,9445,217,163,2,1,2,2,3,37,SBS58-target
mut_1890,1,9450,47,67,2,1,2,2,3,47,SBS84-target
mut_1891,1,9455,311,87,2,0,1,1,1,15,SBS44-target
mut_1892,1,9460,180,111,2,0,1,1,1,25,SBS4-target
mut_1893,1,9465,181,240,2,0,1,1,1,32,SBS29-target
mut_1894,1,9470,377,76,2,1,2,2,3,51,SBS43-target
mut_1895,1,9475,305,142,2,1,1,1,2,3,SBS9-target
mut_1896,1,9480,93,35,2,1,2,2,3,35,other-8
mut_1897,1,9485,32,18,2,1,1,1,2,0,SBS48-target
mut_1898,1,9490,69,6,2,0,1,2,2,41,SBS25-target
mut_1899,1,9495,119,91,2,0,1,1,1,13,SBS35-target
mut_1900,1,9500,378,89,2,1,1,1,2,15,SBS10b-target
mut_1901,1,9505,200,55,2,0,2,2,2,15,SBS10a-target
mut_1902,1,9510,335,92,2,1,2,2,3,46,SBS10b-target
mut_1903,1,9515,327,119,2,0,2,2,2,12,SBS59-target
mut_1904,1,9520,170,162,2,0,1,1,1,59,SBS7c-target
mut_1905,1,9525,409,59,2,1,1,2,3,42,SBS11-target
mut_1906,1,9530,325,145,2,1,1,1,2,41,SBS4-target
mut_1907,1,9535,376,124,2,1,1,1,2,34,SBS85-target
mut_1908,1,9540,309,16,2,1,1,2,3,42,SBS49-target
mut_1909,1,9545,257,30,2,1,1,2,3,15,SBS54-target
mut_1910,1,9550,285,37,2,1,1,1,2,77,SBS20-target
mut_1911,1,9555,330,17,2,0,1,2,2,13,SBS35-target
mut_1912,1,9560,78,31,2,0,1,3,3,5,SBS51-target
mut_1913,1,9565,57,73,2,0,1,1,1,47,other-3
mut_1914,1,9570,247,114,2,1,1,1,2,46,SBS10b-target
mut_1915,1,9575,275,122,2,1,1,1,2,42,SBS18-target
mut_1916,1,9580,142,67,2,1,2,2,3,34,other-11
mut_1917,1,9585,114,30,2,1,1,1,2,45,SBS7d-target
mut_1918,1,9590,435,55,2,2,1,2,4,15,other-5
mut_1919,1,9595,134,78,2,1,2,3,4,39,SBS4-target
mut_1920,1,9600,190,130,2,1,1,1,2,2,SBS4-target
mut_1921,1,9605,349,128,2,0,1,1,1,15,SBS49-target
mut_1922,1,9610,294,115,2,1,1,1,2,42,SBS10a-target
mut_1923,1,9615,252,199,2,0,1,1,1,35,SBS3-target
mut_1924,1,9620,194,56,2,1,1,2,3,38,SBS1-target
mut_1925,1,9625,144,74,2,1,1,1,2,63,SBS59-target
mut_1926,1,9630,54,14,2,0,1,2,2,44,SBS2-target
mut_1927,1,9635,138,111,2,1,2,2,3,38,SBS14-target
mut_1928,1,9640,152,26,2,1,1,1,2,33,SBS27-target
mut_1929,1,9645,124,95,2,1,1,1,2,42,SBS44-target
mut_1930,1,9650,381,40,2,1,1,1,2,12,SBS40-target
mut_1931,1,9655,412,49,2,0,2,3,3,35,SBS41-target
mut_1932,1,9660,46,17,2,1,2,2,3,61,SBS38-target
mut_1933,1,9665,61,35,2,0,1,1,1,47,SBS2-target
mut_1934,1,9670,205,165,2,1,1,1,2,15,SBS59-target
mut_1935,1,9675,133,62,2,0,2,2,2,44,SBS57-target
mut_1936,1,9680,373,119,2,0,1,1,1,44,SBS19-target
mut_1937,1,9685,367,130,2,0,1,1,1,15,SBS5-target
mut_1938,1,9690,326,76,2,1,2,2,3,79,SBS31-target
mut_1939,1,9695,173,44,2,1,1,1,2,15,SBS10b-target
mut_1940,1,9700,453,32,2,1,1,2,3,15,SBS10a-target
mut_1941,1,9705,309,178,2,1,1,1,2,38,SBS19-target
mut_1942,1,9710,408,39,2,1,1,1,2,15,SBS34-target
mut_1943,1,9715,43,20,2,1,1,2,3,32,SBS42-target
mut_1944,1,9720,157,176,2,0,2,2,2,44,SBS32-target
mut_1945,1,9725,339,158,2,0,1,1,1,35,SBS5-target
mut_1946,1,9730,132,56,2,1,1,1,2,38,SBS40-target
mut_1947,1,9735,257,69,2,1,1,1,2,50,SBS40-target
mut_1948,1,9740,252,141,2,0,1,1,1,47,SBS20-target
mut_1949,1,9745,53,27,2,1,1,2,3,85,SBS27-target
mut_1950,1,9750,196,60,2,1,2,3,4,92,SBS16-target
mut_1951,1,9755,285,58,2,1,1,1,2,12,SBS50-target
mut_1952,1,9760,197,39,2,2,2,2,4,32,SBS11-target
mut_1953,1,9765,145,24,2,1,1,2,3,45,SBS45-target
mut_1954,1,9770,310,149,2,1,1,1,2,42,SBS1-target
mut_1955,1,9775,32,57,2,0,1,1,1,63,other-1
mut_1956,1,9780,66,9,2,0,1,2,2,47,SBS11-target
mut_1957,1,9785,359,100,2,0,1,1,1,80,SBS22-target
mut_1958,1,9790,55,46,2,1,2,2,3,38,SBS1-target
mut_1959,1,9795,284,58,2,1,1,1,2,15,SBS14-target
mut_1960,1,9800,49,2,2,0,1,2,2,15,other-9
mut_1961,1,9805,148,43,2,1,1,1,2,15,other-14
mut_1962,1,9810,243,24,2,1,1,2,3,15,SBS10a-target
mut_1963,1,9815,247,233,2,1,1,1,2,41,SBS51-target
mut_1964,1,9820,329,161,2,1,2,2,3,47,other-2
mut_1965,1,9825,271,78,2,1,1,1,2,42,SBS1-target
mut_1966,1,9830,420,48,2,1,1,2,3,15,SBS11-target
mut_1967,1,9835,203,23,2,1,1,1,2,44,other-11
mut_1968,1,9840,209,40,2,1,1,1,2,15,SBS7c-target
mut_1969,1,9845,387,51,2,1,1,1,2,95,SBS7a-target
mut_1970,1,9850,86,26,2,1,1,1,2,15,other-5
mut_1971,1,9855,250,72,2,1,1,1,2,43,SBS29-target
mut_1972,1,9860,50,9,2,1,1,2,3,51,SBS47-target
mut_1973,1,9865,296,58,2,2,1,2,4,34,SBS19-target
mut_1974,1,9870,82,20,2,2,2,3,5,42,SBS7a-target
mut_1975,1,9875,336,155,2,0,1,1,1,37,SBS18-target
mut_1976,1,9880,45,9,2,1,1,1,2,15,other-4
mut_1977,1,9885,335,14,2,1,1,2,3,33,SBS2-target
mut_1978,1,9890,77,72,2,1,1,1,2,24,SBS46-target
mut_1979,1,9895,147,68,2,1,1,1,2,34,SBS14-target
mut_1980,1,9900,154,21,2,0,1,2,2,44,SBS13-target
mut_1981,1,9905,177,122,2,0,2,2,2,46,SBS16-target
mut_1982,1,9910,171,23,2,0,1,2,2,67,SBS11-target
mut_1983,1,9915,253,46,2,0,3,4,4,44,SBS56-target
mut_1984,1,9920,111,287,2,0,1,1,1,51,SBS26-target
mut_1985,1,9925,61,23,2,0,1,1,1,44,other-14
mut_1986,1,9930,54,27,2,0,1,1,1,15,SBS17a-target
mut_1987,1,9935,108,10,2,1,1,1,2,47,SBS60-target
mut_1988,1,9940,167,78,2,1,1,1,2,35,other-12
mut_1989,1,9945,86,137,2,0,2,2,2,45,SBS45-target
mut_1990,1,9950,375,110,2,1,1,1,2,13,SBS4-target
mut_1991,1,9955,310,124,2,0,1,1,1,15,SBS10a-target
mut_1992,1,9960,127,9,2,1,1,2,3,67,other-5
mut_1993,1,9965,143,155,2,0,1,1,1,34,other-3
mut_1994,1,9970,135,208,2,1,2,2,3,10,SBS4-target
mut_1995,1,9975,210,37,2,1,1,1,2,42,SBS6-target
mut_1996,1,9980,144,77,2,1,1,2,3,13,SBS59-target
mut_1997,1,9985,227,77,2,0,1,2,2,45,SBS6-target
mut_1998,1,9990,338,40,2,1,1,2,3,44,SBS2-target
mut_1999,1,9995,282,47,2,1,1,1,2,15,SBS47-target
mut_2000,1,10000,213,121,2,0,1,1,1,41,SBS84-target
