mutation_id,chromosome,position,ref_counts,var_counts,normal_cn,minor_cn,mut_cn,major_cn,total_cn,trinucleotide,signature,clone
mut_1,1,5,367,5,2,2,1,3,5,47,SBS32,1
mut_2,1,10,422,40,2,1,1,2,3,6,SBS49,1
mut_3,1,15,274,55,2,0,1,2,2,7,SBS49,0
mut_4,1,20,223,60,2,0,1,1,1,6,SBS49,0
mut_5,1,25,96,6,2,0,2,2,2,32,SBS32,2
mut_6,1,30,339,49,2,0,1,1,1,6,SBS49,0
mut_7,1,35,153,16,2,0,1,1,1,6,SBS49,0
mut_8,1,40,172,5,2,0,1,1,1,41,SBS32,1
mut_9,1,45,128,13,2,0,1,1,1,75,SBS32,1
mut_10,1,50,355,20,2,1,1,1,2,44,SBS32,2
mut_11,1,55,217,23,2,1,1,2,3,14,SBS49,0
mut_12,1,60,364,45,2,1,1,1,2,47,SBS32,0
mut_13,1,65,396,4,2,1,1,1,2,3,SBS32,2
mut_14,1,70,62,7,2,1,2,2,3,37,SBS32,1
mut_15,1,75,355,50,2,1,1,1,2,4,SBS49,0
mut_16,1,80,168,12,2,1,1,1,2,0,SBS32,1
mut_17,1,85,402,16,2,1,1,2,3,35,SBS32,2
mut_18,1,90,375,4,2,1,1,2,3,35,SBS32,1
mut_19,1,95,359,62,2,1,1,2,3,6,SBS49,0
mut_20,1,100,175,38,2,0,1,1,1,6,SBS49,0
mut_21,1,105,251,81,2,0,2,2,2,6,SBS49,0
mut_22,1,110,63,41,2,0,2,2,2,0,SBS49,0
mut_23,1,115,394,79,2,2,1,2,4,73,SBS32,1
mut_24,1,120,57,19,2,1,2,2,3,6,SBS49,0
mut_25,1,125,327,125,2,1,2,2,3,38,SBS32,0
mut_26,1,130,269,96,2,0,2,2,2,6,SBS49,0
mut_27,1,135,121,24,2,1,1,1,2,6,SBS49,0
mut_28,1,140,391,3,2,1,1,1,2,7,SBS49,2
mut_29,1,145,190,39,2,1,1,1,2,4,SBS49,0
mut_30,1,150,92,14,2,1,1,1,2,4,SBS49,0
mut_31,1,155,96,40,2,1,2,2,3,0,SBS49,0
mut_32,1,160,216,52,2,0,1,1,1,73,SBS32,0
mut_33,1,165,318,17,2,1,1,1,2,34,SBS32,2
mut_34,1,170,79,15,2,0,1,1,1,36,SBS32,1
mut_35,1,175,267,120,2,1,2,2,3,47,SBS32,1
mut_36,1,180,391,3,2,1,1,2,3,47,SBS32,2
mut_37,1,185,337,59,2,1,1,1,2,13,SBS49,0
mut_38,1,190,68,8,2,1,1,1,2,6,SBS49,0
mut_39,1,195,366,126,2,1,2,2,3,34,SBS32,1
mut_40,1,200,153,20,2,1,1,1,2,4,SBS49,0
mut_41,1,205,363,53,2,1,1,1,2,6,SBS49,0
mut_42,1,210,368,17,2,0,1,1,1,44,SBS32,2
mut_43,1,215,247,99,2,1,3,3,4,4,SBS49,0
mut_44,1,220,78,20,2,1,1,1,2,6,SBS49,0
mut_45,1,225,122,20,2,1,1,1,2,4,SBS49,0
mut_46,1,230,312,48,2,0,1,1,1,5,SBS49,0
mut_47,1,235,381,27,2,2,1,2,4,6,SBS49,0
mut_48,1,240,452,10,2,1,1,1,2,33,SBS32,2
mut_49,1,245,189,39,2,1,1,1,2,8,SBS49,0
mut_50,1,250,182,25,2,1,1,1,2,4,SBS49,0
mut_51,1,255,255,19,2,1,1,2,3,2,SBS49,0
mut_52,1,260,254,40,2,1,1,1,2,4,SBS49,0
mut_53,1,265,291,61,2,1,1,1,2,4,SBS49,0
mut_54,1,270,277,92,2,1,1,1,2,14,SBS49,0
mut_55,1,275,44,12,2,0,1,1,1,6,SBS49,0
mut_56,1,280,305,53,2,1,1,1,2,82,SBS32,1
mut_57,1,285,290,14,2,1,1,1,2,13,SBS32,2
mut_58,1,290,43,7,2,1,1,1,2,6,SBS49,0
mut_59,1,295,244,9,2,1,1,2,3,35,SBS32,1
mut_60,1,300,451,39,2,0,1,1,1,12,SBS49,0
mut_61,1,305,403,16,2,1,1,1,2,6,SBS49,1
mut_62,1,310,63,13,2,0,1,1,1,39,SBS32,0
mut_63,1,315,141,17,2,1,1,1,2,4,SBS49,0
mut_64,1,320,195,53,2,1,1,2,3,39,SBS32,1
mut_65,1,325,127,34,2,0,1,1,1,6,SBS49,0
mut_66,1,330,356,122,2,1,2,2,3,4,SBS49,0
mut_67,1,335,151,19,2,1,1,1,2,6,SBS49,0
mut_68,1,340,205,37,2,1,1,1,2,6,SBS49,0
mut_69,1,345,450,19,2,1,1,2,3,6,SBS49,0
mut_70,1,350,271,44,2,1,1,1,2,4,SBS49,0
mut_71,1,355,304,30,2,1,2,2,3,13,SBS49,1
mut_72,1,360,378,36,2,1,1,1,2,6,SBS49,1
mut_73,1,365,348,35,2,1,1,1,2,32,SBS32,0
mut_74,1,370,337,35,2,1,1,1,2,4,SBS49,0
mut_75,1,375,362,61,2,1,1,1,2,6,SBS49,0
mut_76,1,380,256,52,2,0,1,1,1,6,SBS49,0
mut_77,1,385,45,18,2,0,1,1,1,6,SBS49,0
mut_78,1,390,245,48,2,1,1,1,2,6,SBS49,0
mut_79,1,395,342,53,2,1,1,1,2,33,SBS32,0
mut_80,1,400,51,6,2,1,1,1,2,6,SBS49,0
mut_81,1,405,223,21,2,1,1,2,3,12,SBS49,1
mut_82,1,410,466,8,2,2,2,2,4,44,SBS32,2
mut_83,1,415,287,30,2,1,1,1,2,7,SBS49,0
mut_84,1,420,302,1,2,1,1,1,2,41,SBS32,2
mut_85,1,425,58,5,2,0,2,2,2,77,SBS32,2
mut_86,1,430,112,35,2,1,2,2,3,0,SBS49,0
mut_87,1,435,253,34,2,1,1,1,2,7,SBS49,0
mut_88,1,440,358,32,2,1,1,2,3,6,SBS49,2
mut_89,1,445,315,109,2,0,2,2,2,6,SBS49,0
mut_90,1,450,52,5,2,0,1,2,2,4,SBS49,0
mut_91,1,455,282,95,2,1,2,2,3,7,SBS49,0
mut_92,1,460,365,66,2,1,1,1,2,6,SBS49,0
mut_93,1,465,456,1,2,1,1,1,2,7,SBS49,1
mut_94,1,470,344,63,2,1,1,1,2,72,SBS32,0
mut_95,1,475,225,156,2,1,1,1,2,11,SBS49,1
mut_96,1,480,270,7,2,1,2,2,3,43,SBS32,2
mut_97,1,485,445,1,2,0,1,1,1,6,SBS49,1
mut_98,1,490,257,33,2,0,1,1,1,6,SBS49,0
mut_99,1,495,44,12,2,1,1,1,2,6,SBS49,0
mut_100,1,500,136,15,2,1,1,1,2,3,SBS32,0
mut_101,1,505,320,57,2,1,2,2,3,6,SBS49,0
mut_102,1,510,287,1,2,1,1,1,2,36,SBS32,1
mut_103,1,515,282,106,2,1,2,2,3,5,SBS49,0
mut_104,1,520,302,77,2,1,1,1,2,4,SBS49,0
mut_105,1,525,414,25,2,1,1,2,3,4,SBS49,1
mut_106,1,530,351,8,2,2,2,2,4,3,SBS32,2
mut_107,1,535,94,26,2,1,1,1,2,6,SBS49,0
mut_108,1,540,47,36,2,1,1,1,2,6,SBS49,1
mut_109,1,545,163,39,2,1,1,2,3,7,SBS49,1
mut_110,1,550,213,8,2,1,1,1,2,47,SBS32,1
mut_111,1,555,352,36,2,2,1,2,4,4,SBS49,0
mut_112,1,560,199,4,2,1,2,2,3,74,SBS32,1
mut_113,1,565,199,17,2,1,1,1,2,6,SBS49,0
mut_114,1,570,214,72,2,1,1,1,2,6,SBS49,0
mut_115,1,575,283,63,2,1,1,1,2,6,SBS49,0
mut_116,1,580,229,44,2,1,2,2,3,33,SBS32,0
mut_117,1,585,164,25,2,0,1,1,1,34,SBS32,0
mut_118,1,590,356,100,2,1,2,2,3,6,SBS49,0
mut_119,1,595,370,1,2,0,1,1,1,6,SBS49,1
mut_120,1,600,167,23,2,0,1,1,1,33,SBS32,0
mut_121,1,605,152,2,2,1,2,2,3,39,SBS32,2
mut_122,1,610,59,11,2,1,1,1,2,4,SBS49,0
mut_123,1,615,187,71,2,2,2,2,4,4,SBS49,0
mut_124,1,620,372,112,2,1,2,2,3,12,SBS32,0
mut_125,1,625,312,26,2,1,1,1,2,7,SBS49,0
mut_126,1,630,356,60,2,0,1,1,1,6,SBS49,0
mut_127,1,635,338,138,2,0,2,2,2,4,SBS49,0
mut_128,1,640,57,1,2,1,1,1,2,33,SBS32,1
mut_129,1,645,289,31,2,1,1,3,4,6,SBS49,0
mut_130,1,650,76,5,2,1,1,1,2,12,SBS49,2
mut_131,1,655,438,44,2,1,1,1,2,6,SBS49,0
mut_132,1,660,398,60,2,1,1,1,2,6,SBS49,0
mut_133,1,665,118,9,2,0,1,2,2,4,SBS49,0
mut_134,1,670,73,17,2,1,2,2,3,4,SBS49,0
mut_135,1,675,87,7,2,1,2,3,4,35,SBS32,1
mut_136,1,680,153,1,2,0,1,4,4,43,SBS32,2
mut_137,1,685,366,56,2,0,1,1,1,14,SBS49,0
mut_138,1,690,71,24,2,1,2,2,3,6,SBS49,0
mut_139,1,695,94,20,2,1,1,2,3,4,SBS49,0
mut_140,1,700,364,81,2,0,1,1,1,14,SBS49,0
mut_141,1,705,337,39,2,1,1,1,2,6,SBS49,0
mut_142,1,710,410,58,2,2,1,2,4,6,SBS49,0
mut_143,1,715,308,15,2,2,1,3,5,35,SBS32,2
mut_144,1,720,353,61,2,1,1,2,3,6,SBS49,0
mut_145,1,725,81,12,2,1,1,1,2,6,SBS49,0
mut_146,1,730,141,20,2,1,1,1,2,6,SBS49,0
mut_147,1,735,230,53,2,1,2,2,3,35,SBS32,0
mut_148,1,740,80,2,2,1,1,1,2,35,SBS32,2
mut_149,1,745,440,28,2,1,1,2,3,6,SBS49,0
mut_150,1,750,228,26,2,1,1,1,2,4,SBS49,0
mut_151,1,755,248,43,2,1,1,1,2,6,SBS49,0
mut_152,1,760,486,4,2,1,1,2,3,6,SBS49,2
mut_153,1,765,130,43,2,1,1,1,2,4,SBS49,0
mut_154,1,770,46,9,2,0,2,2,2,4,SBS49,0
mut_155,1,775,90,11,2,0,1,1,1,6,SBS49,0
mut_156,1,780,97,13,2,1,1,1,2,47,SBS32,1
mut_157,1,785,164,31,2,1,2,2,3,7,SBS49,0
mut_158,1,790,250,35,2,1,1,1,2,4,SBS49,0
mut_159,1,795,182,34,2,0,1,1,1,6,SBS49,0
mut_160,1,800,135,19,2,1,2,2,3,4,SBS49,0
mut_161,1,805,202,22,2,1,1,2,3,14,SBS49,0
mut_162,1,810,64,8,2,1,1,1,2,6,SBS49,0
mut_163,1,815,244,68,2,0,1,1,1,6,SBS49,0
mut_164,1,820,465,17,2,1,1,2,3,43,SBS32,2
mut_165,1,825,234,48,2,0,1,1,1,4,SBS49,0
mut_166,1,830,371,10,2,0,2,2,2,35,SBS32,2
mut_167,1,835,306,22,2,1,1,1,2,15,SBS32,0
mut_168,1,840,331,53,2,1,1,2,3,4,SBS49,1
mut_169,1,845,225,49,2,0,1,1,1,4,SBS49,0
mut_170,1,850,253,10,2,1,1,2,3,35,SBS32,2
mut_171,1,855,202,35,2,0,1,1,1,6,SBS49,0
mut_172,1,860,270,39,2,0,1,2,2,6,SBS49,0
mut_173,1,865,70,8,2,1,1,1,2,12,SBS49,0
mut_174,1,870,238,1,2,1,1,1,2,33,SBS32,2
mut_175,1,875,202,8,2,2,2,2,4,47,SBS32,2
mut_176,1,880,167,44,2,1,1,1,2,47,SBS32,1
mut_177,1,885,137,35,2,1,2,2,3,7,SBS49,0
mut_178,1,890,267,64,2,1,1,1,2,14,SBS49,0
mut_179,1,895,336,15,2,1,1,1,2,44,SBS32,2
mut_180,1,900,53,3,2,0,1,3,3,14,SBS49,0
mut_181,1,905,263,51,2,1,1,1,2,6,SBS49,0
mut_182,1,910,113,10,2,1,1,1,2,6,SBS49,0
mut_183,1,915,164,32,2,1,1,1,2,4,SBS49,0
mut_184,1,920,283,70,2,0,2,2,2,36,SBS32,1
mut_185,1,925,312,98,2,0,1,1,1,6,SBS49,0
mut_186,1,930,409,8,2,1,1,1,2,61,SBS32,2
mut_187,1,935,131,43,2,1,2,2,3,6,SBS49,0
mut_188,1,940,355,112,2,0,1,1,1,4,SBS49,0
mut_189,1,945,378,37,2,0,1,1,1,35,SBS32,1
mut_190,1,950,94,4,2,0,1,2,2,4,SBS49,1
mut_191,1,955,226,77,2,1,2,2,3,1,SBS49,0
mut_192,1,960,327,14,2,1,1,1,2,37,SBS32,2
mut_193,1,965,240,37,2,1,1,1,2,4,SBS49,0
mut_194,1,970,229,34,2,0,1,2,2,4,SBS49,0
mut_195,1,975,230,77,2,1,2,2,3,6,SBS49,0
mut_196,1,980,52,3,2,1,1,1,2,6,SBS49,0
mut_197,1,985,383,34,2,1,1,1,2,6,SBS49,0
mut_198,1,990,355,54,2,1,1,1,2,6,SBS49,0
mut_199,1,995,184,47,2,0,1,1,1,35,SBS32,1
mut_200,1,1000,164,38,2,1,1,1,2,35,SBS49,0
mut_201,1,1005,255,47,2,1,1,2,3,6,SBS49,0
mut_202,1,1010,167,24,2,1,1,1,2,4,SBS49,0
mut_203,1,1015,345,41,2,1,1,2,3,4,SBS49,0
mut_204,1,1020,382,83,2,1,1,2,3,6,SBS49,0
mut_205,1,1025,156,64,2,0,2,2,2,6,SBS49,0
mut_206,1,1030,257,27,2,0,1,1,1,0,SBS49,1
mut_207,1,1035,189,41,2,1,2,2,3,6,SBS49,0
mut_208,1,1040,197,79,2,1,2,2,3,6,SBS49,0
mut_209,1,1045,461,15,2,1,2,2,3,35,SBS32,2
mut_210,1,1050,140,33,2,1,2,2,3,6,SBS49,0
mut_211,1,1055,430,8,2,0,1,2,2,40,SBS32,2
mut_212,1,1060,100,41,2,0,2,2,2,4,SBS49,0
mut_213,1,1065,368,84,2,0,1,2,2,7,SBS49,0
mut_214,1,1070,400,1,2,1,1,1,2,57,SBS32,1
mut_215,1,1075,427,54,2,1,1,1,2,6,SBS49,0
mut_216,1,1080,248,71,2,0,1,1,1,3,SBS49,0
mut_217,1,1085,163,1,2,1,1,2,3,41,SBS32,1
mut_218,1,1090,95,13,2,2,2,3,5,6,SBS49,0
mut_219,1,1095,412,32,2,0,1,2,2,45,SBS32,1
mut_220,1,1100,113,44,2,2,3,3,5,7,SBS49,0
mut_221,1,1105,61,27,2,0,1,1,1,6,SBS49,0
mut_222,1,1110,335,93,2,1,2,2,3,6,SBS49,0
mut_223,1,1115,173,17,2,0,1,2,2,45,SBS32,0
mut_224,1,1120,346,2,2,1,1,1,2,38,SBS49,1
mut_225,1,1125,190,44,2,1,1,2,3,6,SBS49,0
mut_226,1,1130,239,32,2,2,2,2,4,6,SBS49,0
mut_227,1,1135,148,2,2,1,1,1,2,45,SBS32,2
mut_228,1,1140,189,40,2,1,1,2,3,33,SBS32,0
mut_229,1,1145,133,33,2,1,1,1,2,75,SBS32,1
mut_230,1,1150,409,7,2,1,1,1,2,35,SBS32,2
mut_231,1,1155,174,51,2,1,1,2,3,6,SBS49,0
mut_232,1,1160,141,7,2,1,1,1,2,6,SBS49,0
mut_233,1,1165,251,30,2,1,1,1,2,37,SBS32,0
mut_234,1,1170,175,20,2,1,1,1,2,6,SBS49,0
mut_235,1,1175,86,8,2,0,1,2,2,6,SBS49,1
mut_236,1,1180,118,20,2,1,1,1,2,37,SBS32,1
mut_237,1,1185,276,89,2,2,2,2,4,14,SBS49,0
mut_238,1,1190,356,55,2,1,1,1,2,16,SBS49,0
mut_239,1,1195,106,9,2,1,1,1,2,15,SBS49,0
mut_240,1,1200,270,8,2,2,1,2,4,6,SBS49,1
mut_241,1,1205,57,16,2,1,2,2,3,6,SBS49,0
mut_242,1,1210,208,2,2,1,1,1,2,34,SBS32,2
mut_243,1,1215,54,9,2,0,1,1,1,6,SBS49,1
mut_244,1,1220,190,8,2,1,1,1,2,3,SBS32,1
mut_245,1,1225,403,66,2,1,1,1,2,6,SBS49,0
mut_246,1,1230,241,52,2,1,1,1,2,6,SBS49,0
mut_247,1,1235,198,118,2,0,2,2,2,6,SBS49,0
mut_248,1,1240,113,10,2,1,1,1,2,1,SBS32,1
mut_249,1,1245,465,23,2,1,1,2,3,4,SBS49,1
mut_250,1,1250,152,35,2,1,2,2,3,6,SBS49,0
mut_251,1,1255,165,16,2,0,1,1,1,32,SBS32,1
mut_252,1,1260,225,148,2,1,1,1,2,23,SBS49,1
mut_253,1,1265,181,29,2,0,1,2,2,32,SBS32,0
mut_254,1,1270,125,14,2,1,1,2,3,6,SBS49,0
mut_255,1,1275,249,41,2,1,1,1,2,12,SBS49,0
mut_256,1,1280,203,97,2,1,2,2,3,5,SBS49,0
mut_257,1,1285,220,11,2,1,1,1,2,6,SBS49,0
mut_258,1,1290,209,56,2,1,1,1,2,6,SBS49,1
mut_259,1,1295,245,39,2,1,1,1,2,4,SBS49,0
mut_260,1,1300,379,56,2,1,1,1,2,6,SBS49,0
mut_261,1,1305,145,23,2,1,1,2,3,5,SBS49,0
mut_262,1,1310,368,47,2,1,1,1,2,45,SBS32,1
mut_263,1,1315,262,61,2,1,1,1,2,47,SBS32,1
mut_264,1,1320,262,36,2,0,1,1,1,4,SBS49,0
mut_265,1,1325,106,2,2,1,2,2,3,39,SBS32,2
mut_266,1,1330,76,16,2,1,1,1,2,4,SBS49,0
mut_267,1,1335,171,45,2,1,3,3,4,4,SBS49,1
mut_268,1,1340,270,22,2,1,1,1,2,56,SBS32,1
mut_269,1,1345,326,83,2,0,1,2,2,4,SBS49,0
mut_270,1,1350,378,87,2,1,2,2,3,6,SBS49,0
mut_271,1,1355,473,8,2,1,1,1,2,32,SBS32,1
mut_272,1,1360,228,16,2,0,1,1,1,16,SBS32,2
mut_273,1,1365,226,60,2,1,1,1,2,6,SBS49,0
mut_274,1,1370,236,11,2,1,1,1,2,86,SBS32,2
mut_275,1,1375,297,85,2,1,2,2,3,6,SBS49,0
mut_276,1,1380,316,52,2,1,1,2,3,6,SBS49,0
mut_277,1,1385,208,95,2,2,2,2,4,35,SBS32,1
mut_278,1,1390,225,81,2,1,3,3,4,6,SBS49,0
mut_279,1,1395,364,87,2,1,2,2,3,6,SBS49,0
mut_280,1,1400,218,7,2,1,1,3,4,14,SBS49,0
mut_281,1,1405,437,47,2,1,1,1,2,44,SBS32,0
mut_282,1,1410,168,60,2,1,2,2,3,7,SBS49,0
mut_283,1,1415,439,55,2,0,1,2,2,37,SBS32,0
mut_284,1,1420,380,4,2,1,1,1,2,33,SBS32,2
mut_285,1,1425,306,45,2,1,1,1,2,14,SBS49,0
mut_286,1,1430,246,8,2,1,1,1,2,75,SBS32,2
mut_287,1,1435,216,32,2,1,1,2,3,6,SBS49,0
mut_288,1,1440,52,13,2,0,1,1,1,4,SBS49,0
mut_289,1,1445,217,46,2,0,1,2,2,6,SBS49,0
mut_290,1,1450,50,15,2,0,1,1,1,35,SBS32,1
mut_291,1,1455,138,14,2,1,1,1,2,6,SBS49,0
mut_292,1,1460,81,5,2,0,1,1,1,41,SBS32,2
mut_293,1,1465,431,45,2,2,1,2,4,6,SBS49,0
mut_294,1,1470,170,39,2,1,2,2,3,6,SBS49,0
mut_295,1,1475,146,2,2,0,1,2,2,4,SBS49,1
mut_296,1,1480,107,27,2,1,2,2,3,6,SBS49,0
mut_297,1,1485,41,13,2,0,1,2,2,1,SBS32,0
mut_298,1,1490,447,49,2,1,1,1,2,6,SBS49,0
mut_299,1,1495,373,65,2,1,1,2,3,6,SBS49,1
mut_300,1,1500,374,30,2,0,1,1,1,4,SBS49,1
mut_301,1,1505,86,5,2,1,1,1,2,32,SBS32,1
mut_302,1,1510,328,4,2,0,1,1,1,41,SBS32,2
mut_303,1,1515,119,22,2,1,1,1,2,6,SBS49,0
mut_304,1,1520,420,52,2,1,2,2,3,39,SBS32,1
mut_305,1,1525,270,66,2,0,1,1,1,33,SBS32,1
mut_306,1,1530,413,43,2,1,1,1,2,41,SBS32,1
mut_307,1,1535,241,83,2,1,2,2,3,6,SBS49,0
mut_308,1,1540,55,24,2,1,2,2,3,6,SBS49,0
mut_309,1,1545,164,42,2,0,1,2,2,4,SBS49,1
mut_310,1,1550,212,32,2,1,1,1,2,6,SBS49,0
mut_311,1,1555,311,35,2,0,1,1,1,6,SBS49,0
mut_312,1,1560,138,8,2,2,2,2,4,35,SBS32,2
mut_313,1,1565,393,26,2,1,1,1,2,14,SBS49,0
mut_314,1,1570,299,47,2,1,1,1,2,9,SBS32,0
mut_315,1,1575,60,16,2,0,1,2,2,35,SBS32,0
mut_316,1,1580,133,85,2,1,3,3,4,35,SBS32,1
mut_317,1,1585,165,24,2,0,1,1,1,32,SBS32,0
mut_318,1,1590,227,57,2,0,1,1,1,8,SBS49,0
mut_319,1,1595,412,4,2,1,1,1,2,43,SBS32,2
mut_320,1,1600,166,14,2,1,1,3,4,4,SBS49,0
mut_321,1,1605,171,18,2,1,1,1,2,6,SBS49,0
mut_322,1,1610,221,51,2,1,1,1,2,7,SBS49,0
mut_323,1,1615,295,125,2,0,2,2,2,3,SBS49,0
mut_324,1,1620,310,59,2,0,1,1,1,12,SBS49,1
mut_325,1,1625,76,3,2,1,1,1,2,4,SBS49,0
mut_326,1,1630,402,87,2,1,1,1,2,7,SBS49,0
mut_327,1,1635,97,20,2,0,1,2,2,7,SBS49,0
mut_328,1,1640,137,12,2,0,1,2,2,13,SBS32,1
mut_329,1,1645,342,9,2,1,1,2,3,33,SBS32,2
mut_330,1,1650,252,66,2,2,2,2,4,7,SBS49,0
mut_331,1,1655,190,22,2,0,1,1,1,1,SBS49,0
mut_332,1,1660,46,14,2,1,3,3,4,10,SBS49,0
mut_333,1,1665,412,36,2,1,1,1,2,2,SBS49,1
mut_334,1,1670,289,9,2,1,1,1,2,6,SBS49,2
mut_335,1,1675,131,57,2,0,2,2,2,6,SBS49,0
mut_336,1,1680,189,19,2,1,1,1,2,6,SBS49,0
mut_337,1,1685,297,42,2,1,1,1,2,14,SBS49,0
mut_338,1,1690,414,39,2,0,2,2,2,3,SBS32,2
mut_339,1,1695,121,5,2,0,1,1,1,75,SBS32,2
mut_340,1,1700,163,71,2,1,2,2,3,6,SBS49,0
mut_341,1,1705,55,16,2,1,1,1,2,6,SBS49,0
mut_342,1,1710,349,43,2,0,1,2,2,6,SBS49,0
mut_343,1,1715,323,18,2,2,2,2,4,46,SBS32,1
mut_344,1,1720,265,50,2,2,1,2,4,12,SBS49,0
mut_345,1,1725,223,31,2,1,1,1,2,6,SBS49,0
mut_346,1,1730,262,119,2,0,2,2,2,10,SBS49,0
mut_347,1,1735,75,10,2,0,1,1,1,4,SBS49,0
mut_348,1,1740,262,1,2,0,1,2,2,72,SBS32,1
mut_349,1,1745,301,14,2,1,1,2,3,6,SBS49,0
mut_350,1,1750,241,5,2,1,1,2,3,33,SBS32,1
mut_351,1,1755,455,5,2,1,1,1,2,47,SBS32,2
mut_352,1,1760,426,64,2,1,1,1,2,6,SBS49,0
mut_353,1,1765,419,42,2,1,1,1,2,4,SBS49,0
mut_354,1,1770,376,5,2,1,1,1,2,45,SBS32,2
mut_355,1,1775,93,2,2,1,1,1,2,41,SBS32,2
mut_356,1,1780,119,9,2,1,1,2,3,4,SBS49,0
mut_357,1,1785,90,7,2,1,1,1,2,6,SBS49,1
mut_358,1,1790,296,54,2,1,1,1,2,12,SBS49,0
mut_359,1,1795,309,5,2,1,1,1,2,73,SBS32,1
mut_360,1,1800,348,14,2,1,1,1,2,40,SBS32,1
mut_361,1,1805,133,1,2,0,2,2,2,41,SBS32,2
mut_362,1,1810,252,40,2,1,1,3,4,6,SBS49,0
mut_363,1,1815,31,31,2,1,1,1,2,35,SBS32,1
mut_364,1,1820,60,4,2,2,2,2,4,47,SBS32,2
mut_365,1,1825,216,2,2,1,1,1,2,35,SBS32,2
mut_366,1,1830,457,9,2,1,1,2,3,44,SBS32,2
mut_367,1,1835,127,13,2,1,1,2,3,7,SBS49,0
mut_368,1,1840,262,63,2,1,1,1,2,6,SBS49,0
mut_369,1,1845,389,108,2,0,2,2,2,14,SBS49,0
mut_370,1,1850,402,71,2,1,1,1,2,4,SBS49,0
mut_371,1,1855,98,41,2,1,3,3,4,12,SBS49,0
mut_372,1,1860,306,2,2,1,1,1,2,6,SBS49,2
mut_373,1,1865,301,119,2,1,3,3,4,6,SBS49,0
mut_374,1,1870,137,16,2,1,1,1,2,6,SBS49,0
mut_375,1,1875,230,48,2,1,2,2,3,34,SBS32,0
mut_376,1,1880,259,37,2,0,1,2,2,4,SBS49,0
mut_377,1,1885,54,2,2,1,2,2,3,35,SBS32,2
mut_378,1,1890,459,25,2,1,1,1,2,6,SBS49,1
mut_379,1,1895,123,10,2,1,1,1,2,7,SBS49,0
mut_380,1,1900,255,28,2,1,1,2,3,6,SBS49,1
mut_381,1,1905,476,4,2,1,1,1,2,73,SBS32,1
mut_382,1,1910,416,74,2,1,2,2,3,13,SBS32,0
mut_383,1,1915,261,86,2,1,2,2,3,33,SBS32,0
mut_384,1,1920,143,58,2,1,2,2,3,5,SBS49,0
mut_385,1,1925,427,12,2,0,1,1,1,37,SBS32,2
mut_386,1,1930,63,5,2,1,1,2,3,4,SBS49,0
mut_387,1,1935,238,11,2,0,1,1,1,41,SBS32,1
mut_388,1,1940,373,79,2,1,1,1,2,6,SBS49,0
mut_389,1,1945,323,47,2,1,1,1,2,6,SBS49,0
mut_390,1,1950,121,23,2,0,2,2,2,6,SBS49,0
mut_391,1,1955,94,17,2,0,1,1,1,4,SBS49,0
mut_392,1,1960,254,32,2,1,1,2,3,4,SBS49,0
mut_393,1,1965,354,121,2,1,2,2,3,7,SBS49,0
mut_394,1,1970,115,32,2,1,2,3,4,4,SBS49,0
mut_395,1,1975,399,52,2,0,1,1,1,6,SBS49,0
mut_396,1,1980,269,56,2,1,1,1,2,6,SBS49,0
mut_397,1,1985,439,53,2,1,1,1,2,58,SBS32,1
mut_398,1,1990,118,19,2,1,1,1,2,43,SBS32,0
mut_399,1,1995,268,54,2,1,1,1,2,4,SBS49,0
mut_400,1,2000,162,18,2,1,1,1,2,47,SBS32,0
mut_401,1,2005,245,75,2,1,2,2,3,7,SBS49,0
mut_402,1,2010,281,45,2,1,1,1,2,43,SBS32,1
mut_403,1,2015,199,27,2,1,1,1,2,35,SBS32,0
mut_404,1,2020,314,5,2,0,1,1,1,4,SBS49,1
mut_405,1,2025,336,53,2,1,1,1,2,6,SBS49,0
mut_406,1,2030,256,43,2,1,1,1,2,6,SBS49,0
mut_407,1,2035,203,29,2,2,1,2,4,14,SBS49,0
mut_408,1,2040,111,16,2,0,1,1,1,6,SBS49,0
mut_409,1,2045,169,62,2,1,2,2,3,7,SBS49,0
mut_410,1,2050,146,1,2,1,1,1,2,3,SBS49,1
mut_411,1,2055,307,120,2,1,2,2,3,33,SBS32,0
mut_412,1,2060,90,12,2,0,1,2,2,6,SBS49,0
mut_413,1,2065,292,55,2,1,2,2,3,45,SBS32,0
mut_414,1,2070,267,17,2,0,2,2,2,33,SBS32,2
mut_415,1,2075,224,44,2,1,1,2,3,43,SBS32,0
mut_416,1,2080,374,4,2,1,2,2,3,39,SBS32,2
mut_417,1,2085,353,53,2,1,1,1,2,14,SBS49,0
mut_418,1,2090,266,31,2,1,1,1,2,6,SBS49,0
mut_419,1,2095,56,20,2,0,2,3,3,32,SBS32,0
mut_420,1,2100,467,9,2,1,1,2,3,37,SBS32,2
mut_421,1,2105,362,69,2,1,1,1,2,6,SBS49,0
mut_422,1,2110,62,13,2,1,1,2,3,50,SBS32,1
mut_423,1,2115,338,92,2,0,1,2,2,6,SBS49,0
mut_424,1,2120,377,29,2,0,2,2,2,14,SBS32,2
mut_425,1,2125,127,26,2,1,1,1,2,6,SBS49,0
mut_426,1,2130,268,129,2,0,2,2,2,5,SBS49,0
mut_427,1,2135,167,9,2,2,3,3,5,35,SBS32,2
mut_428,1,2140,314,40,2,1,1,2,3,6,SBS49,0
mut_429,1,2145,61,8,2,1,1,2,3,5,SBS49,0
mut_430,1,2150,254,1,2,1,1,1,2,72,SBS32,1
mut_431,1,2155,323,8,2,1,2,2,3,35,SBS32,2
mut_432,1,2160,431,12,2,0,1,1,1,12,SBS49,1
mut_433,1,2165,167,54,2,0,2,2,2,6,SBS49,0
mut_434,1,2170,318,121,2,1,3,3,4,5,SBS49,0
mut_435,1,2175,410,50,2,2,4,4,6,33,SBS32,2
mut_436,1,2180,200,25,2,1,1,1,2,4,SBS49,0
mut_437,1,2185,439,2,2,0,1,1,1,12,SBS32,2
mut_438,1,2190,66,14,2,1,2,3,4,12,SBS49,0
mut_439,1,2195,485,11,2,1,1,1,2,13,SBS32,2
mut_440,1,2200,376,26,2,2,1,3,5,4,SBS49,0
mut_441,1,2205,486,4,2,1,1,1,2,39,SBS32,1
mut_442,1,2210,384,6,2,1,1,1,2,4,SBS49,2
mut_443,1,2215,450,10,2,0,1,1,1,35,SBS32,2
mut_444,1,2220,298,58,2,1,1,1,2,6,SBS49,0
mut_445,1,2225,49,14,2,0,2,2,2,6,SBS49,0
mut_446,1,2230,215,61,2,1,2,2,3,6,SBS49,0
mut_447,1,2235,413,54,2,1,1,1,2,6,SBS49,0
mut_448,1,2240,320,41,2,1,1,1,2,44,SBS32,0
mut_449,1,2245,57,1,2,2,1,2,4,7,SBS49,1
mut_450,1,2250,246,30,2,1,1,2,3,1,SBS49,0
mut_451,1,2255,329,30,2,1,1,2,3,6,SBS49,0
mut_452,1,2260,201,68,2,0,2,3,3,35,SBS32,0
mut_453,1,2265,302,84,2,1,2,2,3,12,SBS49,0
mut_454,1,2270,418,80,2,1,2,2,3,6,SBS49,0
mut_455,1,2275,400,65,2,0,1,1,1,6,SBS49,0
mut_456,1,2280,328,1,2,2,1,2,4,35,SBS32,1
mut_457,1,2285,45,16,2,1,3,3,4,5,SBS49,0
mut_458,1,2290,280,15,2,1,1,1,2,6,SBS49,1
mut_459,1,2295,214,63,2,0,1,1,1,4,SBS49,0
mut_460,1,2300,346,67,2,1,1,1,2,6,SBS49,0
mut_461,1,2305,201,99,2,0,2,2,2,6,SBS49,0
mut_462,1,2310,316,73,2,1,1,1,2,6,SBS49,0
mut_463,1,2315,169,23,2,1,1,1,2,10,SBS49,0
mut_464,1,2320,349,46,2,1,1,1,2,4,SBS49,0
mut_465,1,2325,464,4,2,1,1,2,3,47,SBS32,2
mut_466,1,2330,357,47,2,1,1,1,2,6,SBS49,1
mut_467,1,2335,149,37,2,2,2,2,4,35,SBS32,1
mut_468,1,2340,149,5,2,1,1,2,3,3,SBS32,2
mut_469,1,2345,157,19,2,1,1,1,2,52,SBS49,0
mut_470,1,2350,198,27,2,1,1,1,2,6,SBS49,0
mut_471,1,2355,186,27,2,1,2,2,3,6,SBS49,0
mut_472,1,2360,179,4,2,1,1,1,2,37,SBS32,2
mut_473,1,2365,243,31,2,1,1,1,2,45,SBS32,0
mut_474,1,2370,233,27,2,2,1,2,4,6,SBS49,0
mut_475,1,2375,320,22,2,1,1,1,2,50,SBS32,1
mut_476,1,2380,404,5,2,0,1,2,2,47,SBS32,1
mut_477,1,2385,375,51,2,1,1,1,2,2,SBS49,0
mut_478,1,2390,213,10,2,1,1,1,2,32,SBS32,2
mut_479,1,2395,164,1,2,0,1,1,1,33,SBS32,2
mut_480,1,2400,471,7,2,0,1,1,1,45,SBS32,2
mut_481,1,2405,53,9,2,1,1,1,2,4,SBS49,1
mut_482,1,2410,322,59,2,1,1,1,2,4,SBS49,0
mut_483,1,2415,360,21,2,0,2,2,2,4,SBS49,1
mut_484,1,2420,362,43,2,1,2,2,3,33,SBS32,1
mut_485,1,2425,139,41,2,0,1,1,1,4,SBS49,0
mut_486,1,2430,261,6,2,1,1,1,2,6,SBS49,2
mut_487,1,2435,221,129,2,0,1,1,1,4,SBS49,1
mut_488,1,2440,472,18,2,0,1,1,1,47,SBS32,1
mut_489,1,2445,200,28,2,2,2,2,4,47,SBS32,1
mut_490,1,2450,170,9,2,1,1,1,2,32,SBS32,2
mut_491,1,2455,207,37,2,1,1,1,2,6,SBS49,0
mut_492,1,2460,340,40,2,1,1,1,2,4,SBS49,0
mut_493,1,2465,241,6,2,0,1,1,1,17,SBS32,2
mut_494,1,2470,199,3,2,1,1,1,2,61,SBS32,2
mut_495,1,2475,142,34,2,1,1,1,2,6,SBS49,0
mut_496,1,2480,210,33,2,1,1,1,2,33,SBS32,1
mut_497,1,2485,451,4,2,1,1,1,2,4,SBS49,2
mut_498,1,2490,217,17,2,1,1,2,3,13,SBS32,1
mut_499,1,2495,470,4,2,1,1,2,3,41,SBS32,2
mut_500,1,2500,336,24,2,1,1,3,4,6,SBS49,0
mut_501,1,2505,132,23,2,1,2,2,3,14,SBS49,1
mut_502,1,2510,129,37,2,0,1,1,1,16,SBS32,0
mut_503,1,2515,112,1,2,0,1,2,2,6,SBS49,2
mut_504,1,2520,213,36,2,1,1,2,3,14,SBS49,0
mut_505,1,2525,51,1,2,2,1,2,4,39,SBS32,2
mut_506,1,2530,170,64,2,1,3,4,5,4,SBS49,0
mut_507,1,2535,346,85,2,1,1,1,2,14,SBS49,0
mut_508,1,2540,443,6,2,2,2,5,7,39,SBS32,2
mut_509,1,2545,107,2,2,1,1,2,3,42,SBS32,2
mut_510,1,2550,383,6,2,0,1,2,2,15,SBS32,2
mut_511,1,2555,279,115,2,0,3,3,3,4,SBS49,0
mut_512,1,2560,363,20,2,1,1,1,2,32,SBS32,1
mut_513,1,2565,338,143,2,0,2,2,2,6,SBS49,0
mut_514,1,2570,469,15,2,1,1,1,2,4,SBS49,1
mut_515,1,2575,111,11,2,0,1,2,2,6,SBS49,0
mut_516,1,2580,328,63,2,1,1,1,2,6,SBS49,0
mut_517,1,2585,94,13,2,1,1,2,3,41,SBS32,0
mut_518,1,2590,154,21,2,0,1,2,2,40,SBS32,0
mut_519,1,2595,283,77,2,0,1,1,1,44,SBS32,0
mut_520,1,2600,63,4,2,1,1,2,3,6,SBS49,0
mut_521,1,2605,113,13,2,1,1,2,3,4,SBS49,0
mut_522,1,2610,249,62,2,1,2,2,3,4,SBS49,0
mut_523,1,2615,232,54,2,1,2,2,3,12,SBS49,0
mut_524,1,2620,280,27,2,0,1,2,2,35,SBS32,1
mut_525,1,2625,225,2,2,0,1,2,2,6,SBS49,1
mut_526,1,2630,235,75,2,1,2,2,3,6,SBS49,0
mut_527,1,2635,363,96,2,1,1,1,2,4,SBS49,0
mut_528,1,2640,322,102,2,1,2,3,4,6,SBS49,0
mut_529,1,2645,75,8,2,1,1,1,2,35,SBS32,0
mut_530,1,2650,100,23,2,2,2,2,4,4,SBS49,0
mut_531,1,2655,180,4,2,1,1,2,3,43,SBS32,2
mut_532,1,2660,330,57,2,1,1,1,2,7,SBS49,0
mut_533,1,2665,448,6,2,1,1,2,3,14,SBS49,1
mut_534,1,2670,235,35,2,1,1,2,3,4,SBS49,0
mut_535,1,2675,343,157,2,0,1,1,1,43,SBS32,0
mut_536,1,2680,159,10,2,1,1,1,2,6,SBS49,1
mut_537,1,2685,405,16,2,0,1,1,1,33,SBS32,1
mut_538,1,2690,119,29,2,1,2,2,3,6,SBS49,0
mut_539,1,2695,310,63,2,1,2,2,3,6,SBS49,1
mut_540,1,2700,385,7,2,1,1,1,2,4,SBS49,2
mut_541,1,2705,439,37,2,1,1,2,3,6,SBS49,1
mut_542,1,2710,164,42,2,0,1,1,1,6,SBS49,0
mut_543,1,2715,143,30,2,0,1,1,1,14,SBS49,0
mut_544,1,2720,361,118,2,1,2,2,3,6,SBS49,0
mut_545,1,2725,67,19,2,1,2,2,3,6,SBS49,0
mut_546,1,2730,279,26,2,1,1,4,5,6,SBS49,0
mut_547,1,2735,278,65,2,0,1,1,1,6,SBS49,0
mut_548,1,2740,62,33,2,1,1,1,2,6,SBS49,0
mut_549,1,2745,353,46,2,1,1,1,2,33,SBS32,1
mut_550,1,2750,108,73,2,0,2,2,2,6,SBS49,0
mut_551,1,2755,163,18,2,1,1,1,2,44,SBS32,0
mut_552,1,2760,362,90,2,0,1,1,1,6,SBS49,0
mut_553,1,2765,362,8,2,1,1,1,2,59,SBS32,1
mut_554,1,2770,102,20,2,1,1,1,2,4,SBS49,0
mut_555,1,2775,63,7,2,0,2,2,2,6,SBS49,1
mut_556,1,2780,182,80,2,0,1,1,1,6,SBS49,1
mut_557,1,2785,239,94,2,0,2,2,2,6,SBS49,0
mut_558,1,2790,447,53,2,0,1,1,1,6,SBS49,1
mut_559,1,2795,106,76,2,0,2,2,2,1,SBS32,1
mut_560,1,2800,173,26,2,1,1,1,2,6,SBS49,0
mut_561,1,2805,424,13,2,1,1,1,2,4,SBS49,1
mut_562,1,2810,358,46,2,1,1,1,2,5,SBS49,0
mut_563,1,2815,323,174,2,1,1,1,2,6,SBS49,1
mut_564,1,2820,424,21,2,1,1,1,2,46,SBS32,2
mut_565,1,2825,61,14,2,1,1,1,2,2,SBS49,0
mut_566,1,2830,140,93,2,0,2,2,2,6,SBS49,0
mut_567,1,2835,325,4,2,1,1,2,3,41,SBS32,1
mut_568,1,2840,439,22,2,1,1,2,3,6,SBS49,0
mut_569,1,2845,276,33,2,1,1,1,2,6,SBS49,0
mut_570,1,2850,228,48,2,1,2,2,3,6,SBS49,0
mut_571,1,2855,285,44,2,1,1,2,3,5,SBS49,0
mut_572,1,2860,321,44,2,1,1,1,2,7,SBS49,0
mut_573,1,2865,419,35,2,1,1,2,3,4,SBS49,0
mut_574,1,2870,163,25,2,1,1,2,3,47,SBS32,0
mut_575,1,2875,316,69,2,1,1,1,2,4,SBS49,0
mut_576,1,2880,400,67,2,1,1,1,2,4,SBS49,0
mut_577,1,2885,296,52,2,1,1,2,3,6,SBS49,0
mut_578,1,2890,310,185,2,1,2,2,3,4,SBS49,0
mut_579,1,2895,61,7,2,1,2,2,3,35,SBS32,2
mut_580,1,2900,405,53,2,1,1,1,2,6,SBS49,0
mut_581,1,2905,248,1,2,2,2,2,4,14,SBS49,2
mut_582,1,2910,377,1,2,1,1,1,2,57,SBS32,2
mut_583,1,2915,126,10,2,1,1,1,2,33,SBS49,1
mut_584,1,2920,273,5,2,0,1,2,2,35,SBS32,2
mut_585,1,2925,469,2,2,1,2,2,3,41,SBS32,2
mut_586,1,2930,203,23,2,1,1,2,3,6,SBS49,0
mut_587,1,2935,174,5,2,0,1,1,1,47,SBS32,2
mut_588,1,2940,224,46,2,1,2,2,3,6,SBS49,1
mut_589,1,2945,140,29,2,0,1,1,1,6,SBS49,0
mut_590,1,2950,276,56,2,2,1,2,4,4,SBS49,0
mut_591,1,2955,144,39,2,1,1,1,2,4,SBS49,0
mut_592,1,2960,89,26,2,0,2,2,2,4,SBS49,0
mut_593,1,2965,153,9,2,1,1,1,2,4,SBS49,2
mut_594,1,2970,372,60,2,2,1,2,4,14,SBS49,0
mut_595,1,2975,205,8,2,1,2,2,3,38,SBS32,2
mut_596,1,2980,383,7,2,1,1,1,2,35,SBS32,1
mut_597,1,2985,91,116,2,1,2,2,3,1,SBS32,1
mut_598,1,2990,216,28,2,1,1,1,2,6,SBS49,0
mut_599,1,2995,312,81,2,1,1,1,2,6,SBS49,0
mut_600,1,3000,207,71,2,1,3,3,4,4,SBS49,0
mut_601,1,3005,153,1,2,1,1,2,3,40,SBS32,2
mut_602,1,3010,152,29,2,1,1,2,3,4,SBS49,0
mut_603,1,3015,138,1,2,1,1,2,3,79,SBS32,2
mut_604,1,3020,223,26,2,1,1,2,3,5,SBS49,0
mut_605,1,3025,218,42,2,1,1,1,2,6,SBS49,0
mut_606,1,3030,252,25,2,1,1,1,2,87,SBS32,1
mut_607,1,3035,277,57,2,0,1,1,1,33,SBS32,0
mut_608,1,3040,107,51,2,0,2,2,2,6,SBS49,0
mut_609,1,3045,417,21,2,1,1,1,2,35,SBS32,2
mut_610,1,3050,146,28,2,1,1,1,2,6,SBS49,0
mut_611,1,3055,111,18,2,0,1,2,2,6,SBS49,0
mut_612,1,3060,60,13,2,0,1,1,1,4,SBS49,0
mut_613,1,3065,277,67,2,1,1,1,2,6,SBS49,0
mut_614,1,3070,71,1,2,1,1,1,2,33,SBS32,2
mut_615,1,3075,311,33,2,1,1,1,2,6,SBS49,0
mut_616,1,3080,287,41,2,1,1,1,2,6,SBS49,0
mut_617,1,3085,380,69,2,1,1,2,3,0,SBS49,0
mut_618,1,3090,375,65,2,1,1,1,2,4,SBS49,0
mut_619,1,3095,70,20,2,0,1,1,1,33,SBS32,1
mut_620,1,3100,57,10,2,0,1,2,2,4,SBS49,0
mut_621,1,3105,373,69,2,1,2,2,3,6,SBS49,0
mut_622,1,3110,326,60,2,0,1,1,1,6,SBS49,0
mut_623,1,3115,427,30,2,2,1,2,4,7,SBS49,0
mut_624,1,3120,196,56,2,1,2,4,5,6,SBS49,0
mut_625,1,3125,110,2,2,1,1,1,2,43,SBS32,2
mut_626,1,3130,157,8,2,1,1,3,4,46,SBS32,1
mut_627,1,3135,89,48,2,1,2,2,3,42,SBS32,1
mut_628,1,3140,278,1,2,1,1,1,2,34,SBS32,2
mut_629,1,3145,112,19,2,0,1,2,2,6,SBS49,0
mut_630,1,3150,255,46,2,1,1,1,2,5,SBS49,0
mut_631,1,3155,400,52,2,0,1,2,2,33,SBS32,1
mut_632,1,3160,363,105,2,1,2,2,3,4,SBS49,0
mut_633,1,3165,423,30,2,1,1,1,2,31,SBS49,0
mut_634,1,3170,305,3,2,2,2,2,4,33,SBS32,2
mut_635,1,3175,49,9,2,1,1,1,2,39,SBS32,1
mut_636,1,3180,123,1,2,1,1,1,2,4,SBS49,1
mut_637,1,3185,411,6,2,1,2,2,3,1,SBS32,2
mut_638,1,3190,233,61,2,1,2,2,3,4,SBS49,0
mut_639,1,3195,170,16,2,1,1,2,3,7,SBS49,0
mut_640,1,3200,206,37,2,0,1,1,1,5,SBS49,0
mut_641,1,3205,397,12,2,1,1,1,2,37,SBS32,2
mut_642,1,3210,82,17,2,0,1,1,1,12,SBS49,0
mut_643,1,3215,420,50,2,1,1,1,2,0,SBS49,0
mut_644,1,3220,253,37,2,1,1,2,3,6,SBS49,0
mut_645,1,3225,380,48,2,2,1,3,5,32,SBS32,0
mut_646,1,3230,498,2,2,0,1,1,1,34,SBS32,2
mut_647,1,3235,229,36,2,1,1,2,3,6,SBS49,0
mut_648,1,3240,114,22,2,1,1,3,4,6,SBS49,0
mut_649,1,3245,197,60,2,0,1,1,1,6,SBS49,0
mut_650,1,3250,152,16,2,1,2,2,3,33,SBS32,0
mut_651,1,3255,243,58,2,1,2,2,3,4,SBS49,0
mut_652,1,3260,101,26,2,0,1,1,1,53,SBS32,0
mut_653,1,3265,138,28,2,1,1,1,2,6,SBS49,0
mut_654,1,3270,293,50,2,0,1,1,1,7,SBS49,0
mut_655,1,3275,197,49,2,0,1,1,1,6,SBS49,0
mut_656,1,3280,410,53,2,1,1,2,3,35,SBS32,0
mut_657,1,3285,217,95,2,0,2,2,2,40,SBS32,0
mut_658,1,3290,369,92,2,0,1,1,1,7,SBS49,0
mut_659,1,3295,81,22,2,0,1,1,1,37,SBS32,1
mut_660,1,3300,287,84,2,0,1,1,1,43,SBS32,0
mut_661,1,3305,125,16,2,1,1,1,2,6,SBS49,0
mut_662,1,3310,232,26,2,0,1,1,1,6,SBS49,0
mut_663,1,3315,126,37,2,0,1,1,1,14,SBS49,0
mut_664,1,3320,345,4,2,1,2,2,3,33,SBS32,2
mut_665,1,3325,415,19,2,1,1,1,2,33,SBS32,2
mut_666,1,3330,232,42,2,1,1,2,3,12,SBS49,0
mut_667,1,3335,65,10,2,1,2,3,4,35,SBS32,0
mut_668,1,3340,90,27,2,1,1,1,2,39,SBS32,1
mut_669,1,3345,177,26,2,0,1,2,2,6,SBS49,0
mut_670,1,3350,351,64,2,0,1,2,2,6,SBS49,0
mut_671,1,3355,255,8,2,0,1,1,1,35,SBS32,2
mut_672,1,3360,95,7,2,1,1,2,3,45,SBS32,2
mut_673,1,3365,214,32,2,0,1,2,2,14,SBS49,0
mut_674,1,3370,200,25,2,1,1,1,2,6,SBS49,0
mut_675,1,3375,236,40,2,1,1,2,3,6,SBS49,0
mut_676,1,3380,187,30,2,1,1,1,2,6,SBS49,0
mut_677,1,3385,281,22,2,1,1,3,4,10,SBS49,0
mut_678,1,3390,217,78,2,1,2,2,3,39,SBS32,0
mut_679,1,3395,174,37,2,1,2,2,3,6,SBS49,0
mut_680,1,3400,267,55,2,1,2,3,4,4,SBS49,0
mut_681,1,3405,190,1,2,1,1,2,3,39,SBS32,2
mut_682,1,3410,475,6,2,1,1,2,3,32,SBS32,2
mut_683,1,3415,84,12,2,1,1,2,3,41,SBS32,1
mut_684,1,3420,344,145,2,0,2,2,2,34,SBS32,0
mut_685,1,3425,315,40,2,1,1,2,3,4,SBS49,0
mut_686,1,3430,192,2,2,1,1,3,4,33,SBS32,2
mut_687,1,3435,57,11,2,1,1,1,2,4,SBS49,0
mut_688,1,3440,118,12,2,2,1,2,4,4,SBS49,0
mut_689,1,3445,119,25,2,0,1,1,1,35,SBS32,0
mut_690,1,3450,380,18,2,2,2,2,4,47,SBS32,2
mut_691,1,3455,257,1,2,1,1,2,3,53,SBS32,1
mut_692,1,3460,303,48,2,1,1,1,2,15,SBS49,0
mut_693,1,3465,160,42,2,1,2,2,3,4,SBS49,0
mut_694,1,3470,113,1,2,0,1,2,2,87,SBS32,2
mut_695,1,3475,411,23,2,0,1,1,1,34,SBS32,2
mut_696,1,3480,389,84,2,1,2,2,3,6,SBS49,0
mut_697,1,3485,93,16,2,1,1,1,2,3,SBS49,0
mut_698,1,3490,90,6,2,1,1,1,2,6,SBS49,0
mut_699,1,3495,169,17,2,1,1,1,2,6,SBS49,0
mut_700,1,3500,238,7,2,1,1,1,2,6,SBS49,1
mut_701,1,3505,332,68,2,1,1,2,3,4,SBS49,0
mut_702,1,3510,302,35,2,1,2,2,3,43,SBS32,2
mut_703,1,3515,343,130,2,2,2,2,4,6,SBS49,0
mut_704,1,3520,176,18,2,1,2,2,3,73,SBS32,1
mut_705,1,3525,411,22,2,1,1,1,2,32,SBS32,1
mut_706,1,3530,273,85,2,0,1,1,1,35,SBS32,0
mut_707,1,3535,249,73,2,1,2,2,3,12,SBS49,0
mut_708,1,3540,282,6,2,0,2,2,2,31,SBS32,2
mut_709,1,3545,351,54,2,0,1,2,2,57,SBS32,0
mut_710,1,3550,81,8,2,0,1,2,2,6,SBS49,0
mut_711,1,3555,177,1,2,1,1,1,2,39,SBS32,2
mut_712,1,3560,404,14,2,1,1,1,2,4,SBS49,1
mut_713,1,3565,299,52,2,1,1,1,2,6,SBS49,1
mut_714,1,3570,67,43,2,1,2,2,3,39,SBS32,1
mut_715,1,3575,458,2,2,1,1,1,2,33,SBS32,2
mut_716,1,3580,180,48,2,0,2,2,2,12,SBS49,0
mut_717,1,3585,373,31,2,1,1,2,3,6,SBS49,0
mut_718,1,3590,492,1,2,2,2,4,6,6,SBS49,2
mut_719,1,3595,264,2,2,1,1,1,2,0,SBS32,1
mut_720,1,3600,237,138,2,0,2,2,2,6,SBS49,0
mut_721,1,3605,348,50,2,1,1,1,2,6,SBS49,0
mut_722,1,3610,172,49,2,0,2,2,2,37,SBS32,1
mut_723,1,3615,361,58,2,1,1,1,2,9,SBS49,0
mut_724,1,3620,330,83,2,0,1,1,1,6,SBS49,0
mut_725,1,3625,383,18,2,1,1,1,2,4,SBS49,1
mut_726,1,3630,264,53,2,1,1,2,3,6,SBS49,0
mut_727,1,3635,316,38,2,1,1,2,3,4,SBS49,1
mut_728,1,3640,64,2,2,1,1,1,2,6,SBS49,0
mut_729,1,3645,395,82,2,1,1,1,2,5,SBS49,0
mut_730,1,3650,454,36,2,1,1,1,2,6,SBS49,0
mut_731,1,3655,380,61,2,2,1,2,4,5,SBS49,0
mut_732,1,3660,448,9,2,1,1,2,3,73,SBS32,2
mut_733,1,3665,85,6,2,0,1,1,1,4,SBS49,0
mut_734,1,3670,378,1,2,1,1,1,2,45,SBS32,2
mut_735,1,3675,44,9,2,2,2,2,4,0,SBS49,1
mut_736,1,3680,189,25,2,0,1,1,1,6,SBS49,0
mut_737,1,3685,98,1,2,0,1,1,1,14,SBS49,1
mut_738,1,3690,190,34,2,1,1,1,2,6,SBS49,0
mut_739,1,3695,189,37,2,0,1,1,1,6,SBS49,0
mut_740,1,3700,303,50,2,0,1,1,1,33,SBS32,0
mut_741,1,3705,341,93,2,1,3,4,5,4,SBS49,0
mut_742,1,3710,222,12,2,1,1,2,3,33,SBS32,1
mut_743,1,3715,420,34,2,1,2,2,3,35,SBS32,2
mut_744,1,3720,307,56,2,1,2,2,3,4,SBS49,0
mut_745,1,3725,480,2,2,0,1,1,1,6,SBS49,1
mut_746,1,3730,112,1,2,0,1,2,2,39,SBS32,1
mut_747,1,3735,122,30,2,1,3,3,4,12,SBS49,1
mut_748,1,3740,123,48,2,1,2,3,4,3,SBS32,1
mut_749,1,3745,124,12,2,0,3,3,3,6,SBS49,1
mut_750,1,3750,292,20,2,1,1,2,3,21,SBS49,0
mut_751,1,3755,402,28,2,1,1,2,3,6,SBS49,0
mut_752,1,3760,118,20,2,1,2,2,3,4,SBS49,0
mut_753,1,3765,198,97,2,1,2,2,3,6,SBS49,1
mut_754,1,3770,143,17,2,0,1,1,1,0,SBS49,0
mut_755,1,3775,347,1,2,1,1,1,2,7,SBS49,1
mut_756,1,3780,280,52,2,1,1,1,2,36,SBS32,0
mut_757,1,3785,264,102,2,1,2,2,3,6,SBS49,0
mut_758,1,3790,359,47,2,1,1,1,2,6,SBS49,0
mut_759,1,3795,76,15,2,2,2,2,4,6,SBS49,0
mut_760,1,3800,439,1,2,2,1,2,4,35,SBS32,2
mut_761,1,3805,65,4,2,1,1,2,3,14,SBS49,0
mut_762,1,3810,178,22,2,1,1,1,2,7,SBS49,0
mut_763,1,3815,185,84,2,1,1,1,2,39,SBS32,1
mut_764,1,3820,360,54,2,0,1,1,1,6,SBS49,0
mut_765,1,3825,300,43,2,0,1,1,1,7,SBS49,0
mut_766,1,3830,173,21,2,1,1,2,3,6,SBS49,0
mut_767,1,3835,206,8,2,1,1,1,2,6,SBS49,1
mut_768,1,3840,170,28,2,1,1,1,2,6,SBS49,0
mut_769,1,3845,165,18,2,1,1,1,2,6,SBS49,0
mut_770,1,3850,155,46,2,0,1,2,2,79,SBS49,0
mut_771,1,3855,138,25,2,1,1,1,2,6,SBS49,0
mut_772,1,3860,157,31,2,1,1,2,3,4,SBS49,0
mut_773,1,3865,49,14,2,0,1,1,1,7,SBS49,0
mut_774,1,3870,223,52,2,1,1,1,2,6,SBS49,0
mut_775,1,3875,78,4,2,1,1,2,3,6,SBS49,0
mut_776,1,3880,292,28,2,1,1,2,3,8,SBS49,0
mut_777,1,3885,271,66,2,1,1,1,2,6,SBS49,0
mut_778,1,3890,149,14,2,1,1,2,3,12,SBS49,0
mut_779,1,3895,155,12,2,1,2,2,3,32,SBS32,1
mut_780,1,3900,401,93,2,1,2,2,3,32,SBS32,0
mut_781,1,3905,221,1,2,1,1,2,3,6,SBS49,1
mut_782,1,3910,110,12,2,0,1,1,1,6,SBS49,0
mut_783,1,3915,244,6,2,0,1,2,2,43,SBS32,2
mut_784,1,3920,385,54,2,1,1,1,2,46,SBS32,1
mut_785,1,3925,289,116,2,1,2,2,3,4,SBS49,0
mut_786,1,3930,53,5,2,1,1,1,2,6,SBS49,0
mut_787,1,3935,364,37,2,1,1,1,2,6,SBS49,0
mut_788,1,3940,93,1,2,1,1,2,3,40,SBS32,2
mut_789,1,3945,329,43,2,1,1,1,2,32,SBS32,0
mut_790,1,3950,135,14,2,0,1,1,1,37,SBS32,0
mut_791,1,3955,189,113,2,0,3,3,3,4,SBS49,0
mut_792,1,3960,117,1,2,1,1,1,2,61,SBS32,2
mut_793,1,3965,228,71,2,0,1,1,1,4,SBS49,0
mut_794,1,3970,428,20,2,1,1,1,2,33,SBS32,1
mut_795,1,3975,390,48,2,1,1,2,3,4,SBS49,0
mut_796,1,3980,267,45,2,0,1,2,2,6,SBS49,0
mut_797,1,3985,118,22,2,1,2,2,3,32,SBS32,1
mut_798,1,3990,53,4,2,1,1,1,2,4,SBS49,0
mut_799,1,3995,130,13,2,1,1,2,3,6,SBS49,1
mut_800,1,4000,77,1,2,1,2,2,3,75,SBS32,2
mut_801,1,4005,435,33,2,1,2,2,3,35,SBS32,1
mut_802,1,4010,247,51,2,2,2,3,5,6,SBS49,0
mut_803,1,4015,316,52,2,1,1,1,2,47,SBS32,1
mut_804,1,4020,350,22,2,1,2,3,4,39,SBS32,2
mut_805,1,4025,413,69,2,0,2,2,2,33,SBS32,1
mut_806,1,4030,293,68,2,1,1,2,3,6,SBS49,0
mut_807,1,4035,252,60,2,1,2,2,3,5,SBS49,0
mut_808,1,4040,180,58,2,1,3,3,4,4,SBS49,0
mut_809,1,4045,310,55,2,1,1,2,3,4,SBS49,0
mut_810,1,4050,238,25,2,1,1,1,2,8,SBS32,0
mut_811,1,4055,88,23,2,1,1,1,2,6,SBS49,0
mut_812,1,4060,377,81,2,0,1,2,2,6,SBS49,0
mut_813,1,4065,290,31,2,1,1,1,2,6,SBS49,0
mut_814,1,4070,199,9,2,2,1,2,4,40,SBS32,1
mut_815,1,4075,133,31,2,0,1,1,1,11,SBS49,0
mut_816,1,4080,259,38,2,1,1,1,2,4,SBS49,0
mut_817,1,4085,424,53,2,1,1,1,2,4,SBS49,0
mut_818,1,4090,150,29,2,0,1,2,2,58,SBS32,1
mut_819,1,4095,300,4,2,1,1,1,2,35,SBS32,2
mut_820,1,4100,108,19,2,1,1,1,2,4,SBS49,0
mut_821,1,4105,145,64,2,2,3,3,5,0,SBS49,0
mut_822,1,4110,380,20,2,1,1,2,3,4,SBS49,0
mut_823,1,4115,241,26,2,0,1,1,1,6,SBS49,1
mut_824,1,4120,308,16,2,1,1,3,4,55,SBS32,2
mut_825,1,4125,394,38,2,1,1,1,2,12,SBS49,0
mut_826,1,4130,283,56,2,1,1,1,2,4,SBS49,0
mut_827,1,4135,100,1,2,1,1,1,2,32,SBS32,2
mut_828,1,4140,218,1,2,1,1,1,2,6,SBS49,2
mut_829,1,4145,381,5,2,0,2,3,3,73,SBS32,2
mut_830,1,4150,110,21,2,0,1,1,1,0,SBS49,0
mut_831,1,4155,369,11,2,0,1,1,1,6,SBS49,2
mut_832,1,4160,169,2,2,1,1,1,2,35,SBS32,2
mut_833,1,4165,255,1,2,1,1,2,3,6,SBS49,1
mut_834,1,4170,335,72,2,1,2,2,3,32,SBS32,0
mut_835,1,4175,332,65,2,1,2,3,4,4,SBS49,0
mut_836,1,4180,368,72,2,0,2,2,2,35,SBS32,1
mut_837,1,4185,205,194,2,0,3,3,3,6,SBS49,0
mut_838,1,4190,296,18,2,1,1,2,3,37,SBS32,1
mut_839,1,4195,163,7,2,1,1,2,3,4,SBS49,2
mut_840,1,4200,88,17,2,1,1,1,2,6,SBS49,0
mut_841,1,4205,104,7,2,1,1,2,3,6,SBS49,0
mut_842,1,4210,67,13,2,1,1,2,3,6,SBS49,0
mut_843,1,4215,485,4,2,1,1,1,2,35,SBS32,2
mut_844,1,4220,95,1,2,1,1,1,2,0,SBS32,2
mut_845,1,4225,86,17,2,1,2,2,3,14,SBS49,0
mut_846,1,4230,361,38,2,1,1,2,3,4,SBS49,0
mut_847,1,4235,120,63,2,1,2,2,3,12,SBS49,0
mut_848,1,4240,468,28,2,1,1,2,3,4,SBS49,0
mut_849,1,4245,285,10,2,1,1,1,2,37,SBS32,1
mut_850,1,4250,310,3,2,1,1,2,3,6,SBS49,1
mut_851,1,4255,192,27,2,1,1,1,2,4,SBS49,0
mut_852,1,4260,229,41,2,0,1,1,1,4,SBS49,0
mut_853,1,4265,158,20,2,1,1,1,2,6,SBS49,0
mut_854,1,4270,82,20,2,1,1,1,2,4,SBS49,0
mut_855,1,4275,387,83,2,1,1,1,2,35,SBS32,0
mut_856,1,4280,217,24,2,1,1,3,4,43,SBS49,0
mut_857,1,4285,325,54,2,0,1,1,1,6,SBS49,0
mut_858,1,4290,130,8,2,1,1,1,2,41,SBS32,0
mut_859,1,4295,412,7,2,1,1,3,4,14,SBS49,1
mut_860,1,4300,323,50,2,1,1,1,2,35,SBS32,0
mut_861,1,4305,153,26,2,1,1,2,3,6,SBS49,0
mut_862,1,4310,302,39,2,1,1,1,2,7,SBS49,0
mut_863,1,4315,317,62,2,1,1,1,2,4,SBS49,0
mut_864,1,4320,395,55,2,1,1,1,2,7,SBS49,0
mut_865,1,4325,478,12,2,1,1,2,3,35,SBS32,1
mut_866,1,4330,100,12,2,1,1,1,2,6,SBS49,1
mut_867,1,4335,218,43,2,0,1,1,1,6,SBS49,0
mut_868,1,4340,213,3,2,1,1,1,2,40,SBS32,1
mut_869,1,4345,165,25,2,0,1,1,1,6,SBS49,0
mut_870,1,4350,94,16,2,1,1,1,2,6,SBS49,0
mut_871,1,4355,293,34,2,1,1,1,2,6,SBS49,0
mut_872,1,4360,227,68,2,1,1,1,2,12,SBS49,0
mut_873,1,4365,52,10,2,0,1,2,2,6,SBS49,0
mut_874,1,4370,182,32,2,2,1,2,4,6,SBS49,1
mut_875,1,4375,264,70,2,0,1,1,1,6,SBS49,0
mut_876,1,4380,336,45,2,1,1,1,2,7,SBS49,0
mut_877,1,4385,368,16,2,1,2,3,4,44,SBS32,2
mut_878,1,4390,141,1,2,1,1,2,3,37,SBS32,1
mut_879,1,4395,268,50,2,1,1,1,2,0,SBS49,0
mut_880,1,4400,123,28,2,1,1,1,2,6,SBS49,0
mut_881,1,4405,338,23,2,0,1,1,1,6,SBS49,1
mut_882,1,4410,133,17,2,1,1,1,2,14,SBS49,0
mut_883,1,4415,63,5,2,0,1,1,1,50,SBS32,2
mut_884,1,4420,189,59,2,0,2,3,3,6,SBS49,0
mut_885,1,4425,266,41,2,1,1,1,2,4,SBS49,0
mut_886,1,4430,198,32,2,1,1,3,4,4,SBS49,0
mut_887,1,4435,364,3,2,0,1,1,1,32,SBS32,2
mut_888,1,4440,56,15,2,1,2,2,3,5,SBS49,0
mut_889,1,4445,60,11,2,0,1,1,1,6,SBS49,0
mut_890,1,4450,145,17,2,0,2,2,2,35,SBS32,2
mut_891,1,4455,310,43,2,1,1,1,2,6,SBS49,0
mut_892,1,4460,211,15,2,1,1,1,2,6,SBS49,1
mut_893,1,4465,410,24,2,1,1,1,2,6,SBS49,0
mut_894,1,4470,390,68,2,1,1,1,2,75,SBS32,0
mut_895,1,4475,306,54,2,0,1,2,2,33,SBS32,1
mut_896,1,4480,210,11,2,1,1,1,2,47,SBS32,1
mut_897,1,4485,257,8,2,0,1,1,1,39,SBS32,1
mut_898,1,4490,381,30,2,0,1,1,1,6,SBS49,0
mut_899,1,4495,78,8,2,0,1,2,2,7,SBS49,0
mut_900,1,4500,108,13,2,1,2,2,3,6,SBS49,0
mut_901,1,4505,343,82,2,1,1,1,2,12,SBS32,1
mut_902,1,4510,162,15,2,0,2,2,2,35,SBS32,1
mut_903,1,4515,74,1,2,1,1,1,2,58,SBS32,2
mut_904,1,4520,122,24,2,1,1,1,2,7,SBS49,0
mut_905,1,4525,94,23,2,1,2,2,3,6,SBS49,0
mut_906,1,4530,68,7,2,1,1,1,2,33,SBS32,1
mut_907,1,4535,333,52,2,1,1,1,2,6,SBS49,0
mut_908,1,4540,79,16,2,1,1,1,2,6,SBS49,0
mut_909,1,4545,286,23,2,1,1,3,4,4,SBS49,0
mut_910,1,4550,224,32,2,1,4,5,6,15,SBS32,1
mut_911,1,4555,60,7,2,1,1,1,2,12,SBS49,0
mut_912,1,4560,359,50,2,1,1,1,2,6,SBS49,0
mut_913,1,4565,77,24,2,0,1,1,1,33,SBS32,0
mut_914,1,4570,128,59,2,2,2,2,4,7,SBS49,0
mut_915,1,4575,210,54,2,0,1,1,1,35,SBS32,0
mut_916,1,4580,321,49,2,1,1,2,3,4,SBS49,0
mut_917,1,4585,170,39,2,1,1,1,2,37,SBS32,0
mut_918,1,4590,80,28,2,1,2,2,3,6,SBS49,0
mut_919,1,4595,359,66,2,1,1,1,2,6,SBS49,0
mut_920,1,4600,145,9,2,1,1,1,2,72,SBS32,1
mut_921,1,4605,278,44,2,0,2,3,3,7,SBS49,0
mut_922,1,4610,357,89,2,1,1,2,3,4,SBS49,0
mut_923,1,4615,291,2,2,1,1,1,2,46,SBS32,2
mut_924,1,4620,109,1,2,1,1,1,2,33,SBS32,2
mut_925,1,4625,321,32,2,1,1,2,3,6,SBS49,0
mut_926,1,4630,392,66,2,0,1,1,1,6,SBS49,0
mut_927,1,4635,97,9,2,1,1,1,2,6,SBS49,0
mut_928,1,4640,181,7,2,1,1,1,2,35,SBS32,2
mut_929,1,4645,190,36,2,1,1,3,4,6,SBS49,1
mut_930,1,4650,280,44,2,1,1,1,2,4,SBS49,0
mut_931,1,4655,415,54,2,1,1,2,3,36,SBS49,0
mut_932,1,4660,139,22,2,1,1,1,2,37,SBS32,0
mut_933,1,4665,302,7,2,0,1,1,1,12,SBS32,2
mut_934,1,4670,405,80,2,0,1,3,3,6,SBS49,0
mut_935,1,4675,66,9,2,1,1,1,2,12,SBS49,0
mut_936,1,4680,399,19,2,0,2,2,2,37,SBS32,2
mut_937,1,4685,336,47,2,1,1,1,2,4,SBS49,0
mut_938,1,4690,297,48,2,1,2,2,3,37,SBS32,1
mut_939,1,4695,176,2,2,2,2,2,4,13,SBS32,2
mut_940,1,4700,75,7,2,1,1,1,2,6,SBS49,0
mut_941,1,4705,72,14,2,1,2,2,3,33,SBS32,0
mut_942,1,4710,471,12,2,1,1,2,3,6,SBS49,2
mut_943,1,4715,449,40,2,1,1,1,2,0,SBS49,1
mut_944,1,4720,344,11,2,2,2,2,4,14,SBS32,2
mut_945,1,4725,402,15,2,0,1,1,1,12,SBS32,2
mut_946,1,4730,130,17,2,2,1,2,4,33,SBS32,1
mut_947,1,4735,251,34,2,1,1,2,3,4,SBS49,0
mut_948,1,4740,293,84,2,0,2,3,3,6,SBS49,0
mut_949,1,4745,265,25,2,1,1,1,2,6,SBS49,0
mut_950,1,4750,365,128,2,1,2,2,3,90,SBS49,0
mut_951,1,4755,155,30,2,2,2,3,5,6,SBS49,0
mut_952,1,4760,57,6,2,1,1,1,2,6,SBS49,0
mut_953,1,4765,268,31,2,1,2,2,3,6,SBS49,1
mut_954,1,4770,176,6,2,1,1,1,2,56,SBS32,1
mut_955,1,4775,79,10,2,0,1,2,2,56,SBS32,0
mut_956,1,4780,267,34,2,1,1,2,3,46,SBS32,0
mut_957,1,4785,135,5,2,0,1,1,1,6,SBS49,1
mut_958,1,4790,387,54,2,1,1,1,2,38,SBS49,0
mut_959,1,4795,44,9,2,1,1,1,2,6,SBS49,0
mut_960,1,4800,74,24,2,1,1,1,2,94,SBS32,0
mut_961,1,4805,234,68,2,1,2,2,3,4,SBS49,0
mut_962,1,4810,247,49,2,1,2,2,3,11,SBS49,0
mut_963,1,4815,291,160,2,1,2,2,3,4,SBS49,1
mut_964,1,4820,211,2,2,1,1,1,2,0,SBS32,2
mut_965,1,4825,209,44,2,1,2,2,3,91,SBS32,0
mut_966,1,4830,216,36,2,1,1,1,2,32,SBS32,0
mut_967,1,4835,208,4,2,1,1,1,2,33,SBS32,2
mut_968,1,4840,423,14,2,2,2,2,4,35,SBS32,1
mut_969,1,4845,56,9,2,0,1,1,1,6,SBS49,0
mut_970,1,4850,250,26,2,1,1,1,2,6,SBS49,0
mut_971,1,4855,161,45,2,1,2,2,3,47,SBS32,0
mut_972,1,4860,260,48,2,1,1,1,2,4,SBS49,0
mut_973,1,4865,57,52,2,0,5,5,5,0,SBS49,0
mut_974,1,4870,78,7,2,1,1,1,2,4,SBS49,0
mut_975,1,4875,118,37,2,0,1,1,1,6,SBS49,0
mut_976,1,4880,64,8,2,0,1,2,2,34,SBS32,0
mut_977,1,4885,260,65,2,1,1,1,2,34,SBS32,0
mut_978,1,4890,405,20,2,1,1,1,2,34,SBS32,2
mut_979,1,4895,227,29,2,1,1,1,2,6,SBS49,0
mut_980,1,4900,327,23,2,1,1,3,4,41,SBS32,0
mut_981,1,4905,375,99,2,0,2,2,2,6,SBS49,1
mut_982,1,4910,366,61,2,0,1,1,1,35,SBS32,1
mut_983,1,4915,115,25,2,0,1,1,1,4,SBS49,0
mut_984,1,4920,465,34,2,1,1,1,2,7,SBS49,0
mut_985,1,4925,446,6,2,1,1,2,3,35,SBS32,2
mut_986,1,4930,172,4,2,1,2,2,3,72,SBS32,2
mut_987,1,4935,176,5,2,2,3,3,5,78,SBS32,2
mut_988,1,4940,357,29,2,2,1,2,4,32,SBS32,0
mut_989,1,4945,415,56,2,1,1,1,2,6,SBS49,0
mut_990,1,4950,49,19,2,1,2,2,3,6,SBS49,0
mut_991,1,4955,253,104,2,0,1,1,1,33,SBS32,1
mut_992,1,4960,249,46,2,1,1,2,3,4,SBS49,0
mut_993,1,4965,342,106,2,1,2,2,3,6,SBS49,0
mut_994,1,4970,69,13,2,1,1,2,3,32,SBS32,0
mut_995,1,4975,228,40,2,1,1,3,4,6,SBS49,0
mut_996,1,4980,132,33,2,1,1,1,2,6,SBS49,0
mut_997,1,4985,226,84,2,1,2,2,3,5,SBS49,0
mut_998,1,4990,379,88,2,1,2,2,3,14,SBS49,0
mut_999,1,4995,275,50,2,1,1,1,2,6,SBS49,0
mut_1000,1,5000,203,16,2,1,1,1,2,4,SBS49,0
mut_1001,1,5005,149,16,2,0,1,1,1,44,SBS32,0
mut_1002,1,5010,385,36,2,1,1,1,2,6,SBS49,0
mut_1003,1,5015,112,5,2,1,1,2,3,35,SBS32,2
mut_1004,1,5020,69,8,2,1,1,1,2,6,SBS49,0
mut_1005,1,5025,349,57,2,1,1,1,2,0,SBS49,0
mut_1006,1,5030,467,2,2,1,1,1,2,58,SBS32,1
mut_1007,1,5035,91,6,2,1,1,1,2,6,SBS49,0
mut_1008,1,5040,152,17,2,1,1,1,2,6,SBS49,1
mut_1009,1,5045,255,42,2,1,1,1,2,6,SBS49,0
mut_1010,1,5050,340,39,2,0,1,2,2,6,SBS49,0
mut_1011,1,5055,379,12,2,0,1,2,2,6,SBS49,1
mut_1012,1,5060,269,48,2,1,1,2,3,12,SBS49,0
mut_1013,1,5065,170,10,2,0,1,1,1,45,SBS32,1
mut_1014,1,5070,360,42,2,1,1,1,2,4,SBS49,0
mut_1015,1,5075,322,68,2,1,1,1,2,1,SBS49,0
mut_1016,1,5080,159,67,2,1,2,2,3,4,SBS49,0
mut_1017,1,5085,114,11,2,1,1,1,2,6,SBS49,0
mut_1018,1,5090,201,42,2,0,1,1,1,39,SBS32,0
mut_1019,1,5095,153,3,2,1,1,1,2,43,SBS32,2
mut_1020,1,5100,300,65,2,0,1,1,1,7,SBS49,0
mut_1021,1,5105,187,18,2,0,1,3,3,42,SBS32,1
mut_1022,1,5110,79,28,2,0,2,2,2,6,SBS49,0
mut_1023,1,5115,121,22,2,2,2,2,4,6,SBS49,0
mut_1024,1,5120,282,5,2,2,1,2,4,39,SBS32,2
mut_1025,1,5125,220,34,2,1,1,1,2,4,SBS49,0
mut_1026,1,5130,430,44,2,1,1,1,2,4,SBS49,0
mut_1027,1,5135,146,5,2,1,1,3,4,32,SBS32,1
mut_1028,1,5140,155,13,2,1,1,1,2,4,SBS49,0
mut_1029,1,5145,234,1,2,1,1,2,3,35,SBS32,2
mut_1030,1,5150,193,7,2,0,2,2,2,43,SBS32,2
mut_1031,1,5155,80,6,2,1,1,1,2,75,SBS32,1
mut_1032,1,5160,273,20,2,0,1,1,1,32,SBS32,2
mut_1033,1,5165,195,45,2,1,1,1,2,7,SBS49,0
mut_1034,1,5170,269,31,2,1,1,2,3,6,SBS49,0
mut_1035,1,5175,92,2,2,1,1,2,3,15,SBS32,2
mut_1036,1,5180,308,25,2,0,1,1,1,6,SBS49,0
mut_1037,1,5185,213,46,2,0,2,2,2,43,SBS32,1
mut_1038,1,5190,383,31,2,1,1,2,3,47,SBS32,0
mut_1039,1,5195,209,14,2,1,2,2,3,33,SBS32,2
mut_1040,1,5200,85,1,2,1,1,2,3,14,SBS49,1
mut_1041,1,5205,89,8,2,1,1,1,2,33,SBS32,0
mut_1042,1,5210,95,1,2,1,1,2,3,30,SBS32,2
mut_1043,1,5215,150,31,2,1,1,1,2,6,SBS49,0
mut_1044,1,5220,171,16,2,1,1,1,2,6,SBS49,0
mut_1045,1,5225,250,17,2,0,1,3,3,4,SBS49,0
mut_1046,1,5230,207,116,2,0,2,2,2,15,SBS49,0
mut_1047,1,5235,206,37,2,0,1,2,2,41,SBS32,1
mut_1048,1,5240,255,31,2,1,1,1,2,4,SBS49,0
mut_1049,1,5245,63,12,2,0,1,1,1,4,SBS49,0
mut_1050,1,5250,271,44,2,1,1,1,2,6,SBS49,0
mut_1051,1,5255,204,50,2,1,2,2,3,6,SBS49,0
mut_1052,1,5260,72,41,2,0,2,2,2,6,SBS49,0
mut_1053,1,5265,269,41,2,0,1,2,2,6,SBS49,0
mut_1054,1,5270,175,6,2,1,1,1,2,32,SBS32,2
mut_1055,1,5275,386,17,2,0,1,1,1,35,SBS32,2
mut_1056,1,5280,298,82,2,1,2,2,3,4,SBS49,1
mut_1057,1,5285,182,27,2,1,1,1,2,6,SBS49,1
mut_1058,1,5290,128,11,2,1,2,2,3,6,SBS49,0
mut_1059,1,5295,50,7,2,1,1,1,2,32,SBS32,0
mut_1060,1,5300,278,37,2,2,2,2,4,12,SBS49,0
mut_1061,1,5305,307,37,2,0,1,2,2,41,SBS32,0
mut_1062,1,5310,142,19,2,0,1,2,2,1,SBS49,0
mut_1063,1,5315,87,18,2,1,1,2,3,6,SBS49,0
mut_1064,1,5320,122,16,2,1,1,1,2,4,SBS49,0
mut_1065,1,5325,367,80,2,0,1,1,1,44,SBS32,1
mut_1066,1,5330,88,15,2,0,1,2,2,4,SBS49,0
mut_1067,1,5335,311,13,2,1,2,2,3,43,SBS32,1
mut_1068,1,5340,391,72,2,1,1,1,2,6,SBS49,0
mut_1069,1,5345,78,15,2,1,1,1,2,6,SBS49,0
mut_1070,1,5350,99,1,2,2,1,3,5,32,SBS32,2
mut_1071,1,5355,270,51,2,1,1,1,2,91,SBS32,0
mut_1072,1,5360,128,9,2,0,1,2,2,46,SBS32,2
mut_1073,1,5365,209,36,2,1,1,1,2,6,SBS49,0
mut_1074,1,5370,229,59,2,1,2,2,3,33,SBS32,1
mut_1075,1,5375,65,7,2,1,1,2,3,6,SBS49,0
mut_1076,1,5380,346,70,2,1,1,1,2,6,SBS49,0
mut_1077,1,5385,330,65,2,0,1,2,2,46,SBS32,0
mut_1078,1,5390,68,34,2,1,1,1,2,11,SBS32,1
mut_1079,1,5395,149,27,2,2,2,2,4,6,SBS49,0
mut_1080,1,5400,440,7,2,0,1,3,3,53,SBS32,2
mut_1081,1,5405,221,74,2,0,2,2,2,6,SBS49,0
mut_1082,1,5410,186,48,2,1,2,2,3,4,SBS49,0
mut_1083,1,5415,276,13,2,0,1,2,2,37,SBS32,2
mut_1084,1,5420,66,23,2,0,1,1,1,6,SBS49,0
mut_1085,1,5425,164,1,2,1,1,1,2,32,SBS32,2
mut_1086,1,5430,210,54,2,0,1,1,1,43,SBS32,0
mut_1087,1,5435,388,67,2,1,1,2,3,6,SBS49,0
mut_1088,1,5440,230,16,2,2,2,2,4,33,SBS32,2
mut_1089,1,5445,169,12,2,1,1,1,2,4,SBS49,1
mut_1090,1,5450,133,45,2,2,4,4,6,35,SBS32,1
mut_1091,1,5455,298,45,2,1,1,1,2,12,SBS32,0
mut_1092,1,5460,53,3,2,1,1,1,2,14,SBS49,1
mut_1093,1,5465,74,7,2,2,2,3,5,39,SBS32,1
mut_1094,1,5470,222,32,2,0,1,1,1,6,SBS49,0
mut_1095,1,5475,399,40,2,1,1,1,2,6,SBS49,0
mut_1096,1,5480,151,28,2,1,1,1,2,4,SBS49,0
mut_1097,1,5485,88,14,2,0,1,2,2,11,SBS49,0
mut_1098,1,5490,151,1,2,1,1,1,2,6,SBS49,1
mut_1099,1,5495,276,39,2,0,1,2,2,4,SBS49,0
mut_1100,1,5500,390,1,2,1,1,1,2,42,SBS32,1
mut_1101,1,5505,419,14,2,1,2,2,3,72,SBS32,1
mut_1102,1,5510,50,3,2,1,1,3,4,43,SBS32,2
mut_1103,1,5515,318,36,2,1,1,1,2,39,SBS32,1
mut_1104,1,5520,405,6,2,1,1,1,2,32,SBS32,2
mut_1105,1,5525,460,8,2,1,1,1,2,47,SBS32,1
mut_1106,1,5530,46,4,2,1,1,2,3,32,SBS32,1
mut_1107,1,5535,387,1,2,0,1,2,2,6,SBS49,2
mut_1108,1,5540,417,61,2,1,1,2,3,4,SBS49,0
mut_1109,1,5545,216,28,2,1,1,1,2,4,SBS49,0
mut_1110,1,5550,255,50,2,1,1,1,2,6,SBS49,0
mut_1111,1,5555,313,71,2,1,1,1,2,16,SBS49,0
mut_1112,1,5560,54,4,2,1,1,2,3,6,SBS49,1
mut_1113,1,5565,410,1,2,1,2,2,3,33,SBS32,1
mut_1114,1,5570,239,71,2,0,2,2,2,50,SBS32,1
mut_1115,1,5575,261,80,2,0,1,1,1,4,SBS49,0
mut_1116,1,5580,134,27,2,1,2,2,3,35,SBS32,0
mut_1117,1,5585,279,78,2,0,2,2,2,12,SBS49,0
mut_1118,1,5590,134,33,2,0,1,1,1,39,SBS32,0
mut_1119,1,5595,256,3,2,1,1,1,2,17,SBS32,2
mut_1120,1,5600,271,14,2,1,2,2,3,35,SBS32,2
mut_1121,1,5605,306,21,2,0,1,2,2,41,SBS32,0
mut_1122,1,5610,229,19,2,1,1,2,3,14,SBS49,0
mut_1123,1,5615,430,1,2,1,1,1,2,43,SBS32,2
mut_1124,1,5620,115,9,2,1,1,2,3,6,SBS49,0
mut_1125,1,5625,213,26,2,0,1,1,1,7,SBS49,0
mut_1126,1,5630,195,30,2,2,1,2,4,42,SBS32,0
mut_1127,1,5635,369,39,2,1,1,2,3,4,SBS49,0
mut_1128,1,5640,370,86,2,0,1,1,1,12,SBS49,0
mut_1129,1,5645,216,55,2,0,2,2,2,6,SBS49,0
mut_1130,1,5650,230,1,2,1,1,3,4,34,SBS32,2
mut_1131,1,5655,284,25,2,1,1,1,2,41,SBS32,2
mut_1132,1,5660,361,55,2,0,1,2,2,4,SBS49,1
mut_1133,1,5665,200,8,2,1,1,1,2,35,SBS32,2
mut_1134,1,5670,221,34,2,1,1,2,3,4,SBS49,0
mut_1135,1,5675,372,23,2,0,1,1,1,6,SBS49,1
mut_1136,1,5680,365,22,2,1,1,2,3,37,SBS32,1
mut_1137,1,5685,321,5,2,1,1,1,2,37,SBS32,2
mut_1138,1,5690,335,31,2,0,1,3,3,45,SBS32,0
mut_1139,1,5695,394,20,2,1,1,1,2,6,SBS49,0
mut_1140,1,5700,288,58,2,0,1,1,1,6,SBS49,0
mut_1141,1,5705,195,30,2,0,1,1,1,6,SBS49,0
mut_1142,1,5710,179,25,2,1,2,3,4,6,SBS49,0
mut_1143,1,5715,125,8,2,1,1,2,3,40,SBS32,1
mut_1144,1,5720,80,8,2,1,1,1,2,45,SBS32,1
mut_1145,1,5725,336,30,2,1,1,1,2,6,SBS49,0
mut_1146,1,5730,262,2,2,1,1,1,2,37,SBS32,2
mut_1147,1,5735,128,1,2,1,1,1,2,35,SBS32,2
mut_1148,1,5740,116,1,2,1,1,1,2,70,SBS32,2
mut_1149,1,5745,426,69,2,0,2,2,2,35,SBS32,1
mut_1150,1,5750,213,10,2,1,1,2,3,39,SBS32,1
mut_1151,1,5755,119,3,2,1,1,1,2,32,SBS32,2
mut_1152,1,5760,285,69,2,0,1,1,1,6,SBS49,0
mut_1153,1,5765,56,6,2,2,1,2,4,32,SBS32,1
mut_1154,1,5770,191,28,2,0,1,1,1,38,SBS32,1
mut_1155,1,5775,95,13,2,1,1,1,2,41,SBS32,0
mut_1156,1,5780,233,34,2,1,1,1,2,4,SBS49,0
mut_1157,1,5785,116,9,2,1,1,2,3,6,SBS49,0
mut_1158,1,5790,362,79,2,1,1,1,2,6,SBS49,0
mut_1159,1,5795,433,56,2,1,1,1,2,35,SBS32,1
mut_1160,1,5800,177,27,2,1,1,1,2,6,SBS49,0
mut_1161,1,5805,426,44,2,1,1,2,3,6,SBS49,0
mut_1162,1,5810,113,77,2,0,1,1,1,35,SBS32,1
mut_1163,1,5815,112,45,2,0,2,2,2,6,SBS49,0
mut_1164,1,5820,303,5,2,1,1,1,2,75,SBS32,2
mut_1165,1,5825,127,21,2,1,1,1,2,6,SBS49,0
mut_1166,1,5830,287,2,2,1,1,1,2,56,SBS32,2
mut_1167,1,5835,159,24,2,1,1,1,2,6,SBS49,0
mut_1168,1,5840,174,45,2,1,1,1,2,1,SBS32,0
mut_1169,1,5845,348,62,2,0,1,2,2,33,SBS49,0
mut_1170,1,5850,359,133,2,1,2,2,3,7,SBS49,0
mut_1171,1,5855,48,7,2,1,1,1,2,47,SBS32,1
mut_1172,1,5860,57,17,2,1,1,1,2,6,SBS49,0
mut_1173,1,5865,392,52,2,1,1,1,2,33,SBS32,0
mut_1174,1,5870,206,23,2,1,1,2,3,4,SBS49,0
mut_1175,1,5875,129,16,2,1,1,1,2,6,SBS49,0
mut_1176,1,5880,367,10,2,1,1,1,2,6,SBS49,1
mut_1177,1,5885,412,77,2,0,1,2,2,4,SBS49,0
mut_1178,1,5890,268,3,2,1,1,3,4,47,SBS32,1
mut_1179,1,5895,179,38,2,1,1,1,2,6,SBS49,0
mut_1180,1,5900,174,88,2,1,2,2,3,4,SBS49,0
mut_1181,1,5905,208,40,2,1,1,1,2,4,SBS49,0
mut_1182,1,5910,268,34,2,1,1,1,2,4,SBS49,0
mut_1183,1,5915,156,77,2,1,4,4,5,4,SBS49,0
mut_1184,1,5920,137,29,2,0,1,1,1,4,SBS49,0
mut_1185,1,5925,448,20,2,1,1,2,3,36,SBS32,1
mut_1186,1,5930,127,43,2,1,1,1,2,32,SBS32,1
mut_1187,1,5935,252,49,2,1,1,1,2,0,SBS49,0
mut_1188,1,5940,71,4,2,0,1,2,2,6,SBS49,0
mut_1189,1,5945,115,11,2,1,1,1,2,6,SBS49,1
mut_1190,1,5950,187,24,2,1,1,1,2,7,SBS49,0
mut_1191,1,5955,435,62,2,1,1,1,2,6,SBS49,0
mut_1192,1,5960,86,37,2,1,2,2,3,6,SBS49,0
mut_1193,1,5965,223,2,2,1,1,1,2,4,SBS49,1
mut_1194,1,5970,395,37,2,2,1,2,4,4,SBS49,0
mut_1195,1,5975,227,7,2,1,2,2,3,32,SBS32,2
mut_1196,1,5980,110,9,2,1,1,1,2,6,SBS49,0
mut_1197,1,5985,242,52,2,1,1,1,2,33,SBS32,0
mut_1198,1,5990,52,4,2,0,1,2,2,4,SBS49,0
mut_1199,1,5995,281,101,2,0,2,2,2,6,SBS49,0
mut_1200,1,6000,291,118,2,1,3,3,4,39,SBS32,1
mut_1201,1,6005,245,21,2,1,1,1,2,0,SBS49,0
mut_1202,1,6010,76,26,2,0,2,2,2,56,SBS32,0
mut_1203,1,6015,203,47,2,0,1,1,1,5,SBS49,0
mut_1204,1,6020,341,69,2,0,1,3,3,78,SBS32,0
mut_1205,1,6025,238,6,2,1,1,1,2,40,SBS32,2
mut_1206,1,6030,432,44,2,1,1,2,3,6,SBS49,0
mut_1207,1,6035,411,71,2,1,1,1,2,6,SBS49,0
mut_1208,1,6040,359,28,2,1,1,1,2,12,SBS49,0
mut_1209,1,6045,257,32,2,0,1,2,2,6,SBS49,0
mut_1210,1,6050,253,28,2,1,1,2,3,6,SBS49,0
mut_1211,1,6055,40,29,2,1,2,2,3,4,SBS49,0
mut_1212,1,6060,334,36,2,1,1,2,3,6,SBS49,0
mut_1213,1,6065,404,38,2,1,1,2,3,6,SBS49,0
mut_1214,1,6070,76,31,2,1,2,2,3,1,SBS32,0
mut_1215,1,6075,114,45,2,1,1,1,2,9,SBS49,0
mut_1216,1,6080,122,5,2,1,2,2,3,37,SBS32,2
mut_1217,1,6085,149,8,2,2,1,2,4,6,SBS49,0
mut_1218,1,6090,293,2,2,1,1,3,4,13,SBS32,2
mut_1219,1,6095,436,60,2,1,1,1,2,6,SBS49,0
mut_1220,1,6100,86,13,2,0,1,1,1,4,SBS49,0
mut_1221,1,6105,44,9,2,0,1,1,1,1,SBS49,0
mut_1222,1,6110,265,100,2,1,2,2,3,6,SBS49,0
mut_1223,1,6115,163,53,2,1,1,1,2,14,SBS49,0
mut_1224,1,6120,350,68,2,1,1,1,2,43,SBS32,0
mut_1225,1,6125,279,30,2,1,1,1,2,0,SBS49,0
mut_1226,1,6130,108,30,2,0,2,2,2,0,SBS32,0
mut_1227,1,6135,174,39,2,1,1,1,2,7,SBS49,0
mut_1228,1,6140,190,102,2,1,4,4,5,45,SBS32,0
mut_1229,1,6145,145,35,2,1,2,2,3,4,SBS49,0
mut_1230,1,6150,91,15,2,1,1,2,3,6,SBS49,0
mut_1231,1,6155,188,40,2,1,1,1,2,8,SBS49,0
mut_1232,1,6160,144,1,2,1,1,1,2,41,SBS32,2
mut_1233,1,6165,445,20,2,0,1,1,1,29,SBS32,2
mut_1234,1,6170,295,43,2,1,1,2,3,6,SBS49,0
mut_1235,1,6175,296,38,2,0,1,1,1,35,SBS32,0
mut_1236,1,6180,265,37,2,1,2,2,3,38,SBS32,1
mut_1237,1,6185,297,96,2,1,2,2,3,67,SBS49,0
mut_1238,1,6190,214,34,2,1,1,1,2,6,SBS49,0
mut_1239,1,6195,132,24,2,1,1,1,2,6,SBS49,0
mut_1240,1,6200,179,43,2,1,2,2,3,7,SBS49,0
mut_1241,1,6205,177,17,2,1,1,2,3,15,SBS32,0
mut_1242,1,6210,56,13,2,1,1,2,3,6,SBS49,0
mut_1243,1,6215,360,65,2,1,1,1,2,0,SBS49,0
mut_1244,1,6220,283,85,2,1,1,2,3,4,SBS49,0
mut_1245,1,6225,79,16,2,0,1,2,2,6,SBS49,0
mut_1246,1,6230,68,1,2,1,2,2,3,4,SBS49,2
mut_1247,1,6235,156,31,2,1,2,2,3,6,SBS49,0
mut_1248,1,6240,149,40,2,0,1,3,3,43,SBS32,1
mut_1249,1,6245,256,151,2,0,3,3,3,7,SBS49,0
mut_1250,1,6250,165,20,2,0,1,1,1,6,SBS49,0
mut_1251,1,6255,386,57,2,1,1,2,3,6,SBS49,0
mut_1252,1,6260,349,104,2,0,1,1,1,4,SBS49,0
mut_1253,1,6265,489,2,2,1,1,1,2,0,SBS32,2
mut_1254,1,6270,393,78,2,1,2,2,3,6,SBS49,0
mut_1255,1,6275,361,86,2,1,2,2,3,6,SBS49,0
mut_1256,1,6280,46,9,2,1,1,1,2,2,SBS32,0
mut_1257,1,6285,273,1,2,1,1,1,2,56,SBS32,2
mut_1258,1,6290,223,73,2,1,2,3,4,12,SBS49,0
mut_1259,1,6295,402,73,2,1,1,1,2,6,SBS49,0
mut_1260,1,6300,289,31,2,1,1,1,2,0,SBS49,0
mut_1261,1,6305,117,7,2,0,1,1,1,14,SBS49,2
mut_1262,1,6310,281,32,2,1,1,1,2,43,SBS32,1
mut_1263,1,6315,88,22,2,1,2,2,3,4,SBS49,0
mut_1264,1,6320,342,35,2,1,1,1,2,14,SBS49,0
mut_1265,1,6325,174,28,2,1,1,1,2,42,SBS32,0
mut_1266,1,6330,387,60,2,1,1,2,3,6,SBS49,0
mut_1267,1,6335,438,60,2,1,1,1,2,6,SBS49,0
mut_1268,1,6340,85,26,2,1,2,2,3,6,SBS49,0
mut_1269,1,6345,259,33,2,0,1,1,1,6,SBS49,0
mut_1270,1,6350,356,71,2,0,1,1,1,13,SBS32,1
mut_1271,1,6355,130,17,2,1,1,1,2,6,SBS49,0
mut_1272,1,6360,216,86,2,0,1,1,1,39,SBS32,1
mut_1273,1,6365,105,16,2,1,1,2,3,6,SBS49,0
mut_1274,1,6370,418,41,2,1,1,1,2,6,SBS49,0
mut_1275,1,6375,261,41,2,0,1,2,2,58,SBS32,0
mut_1276,1,6380,378,21,2,0,1,2,2,6,SBS49,0
mut_1277,1,6385,414,65,2,1,1,1,2,14,SBS49,0
mut_1278,1,6390,130,27,2,1,2,2,3,4,SBS49,0
mut_1279,1,6395,326,79,2,1,2,2,3,4,SBS49,0
mut_1280,1,6400,484,4,2,0,1,1,1,33,SBS32,2
mut_1281,1,6405,402,71,2,1,2,2,3,6,SBS49,0
mut_1282,1,6410,277,6,2,1,1,1,2,34,SBS32,2
mut_1283,1,6415,421,11,2,0,1,2,2,2,SBS49,2
mut_1284,1,6420,292,31,2,1,1,2,3,6,SBS49,0
mut_1285,1,6425,207,6,2,1,1,1,2,33,SBS32,2
mut_1286,1,6430,295,159,2,0,2,2,2,4,SBS49,0
mut_1287,1,6435,286,64,2,1,1,1,2,4,SBS49,0
mut_1288,1,6440,115,16,2,1,1,1,2,4,SBS49,0
mut_1289,1,6445,249,55,2,1,1,1,2,6,SBS49,0
mut_1290,1,6450,379,110,2,1,1,1,2,4,SBS49,0
mut_1291,1,6455,42,9,2,1,1,1,2,47,SBS32,0
mut_1292,1,6460,215,17,2,0,1,2,2,15,SBS32,1
mut_1293,1,6465,287,15,2,1,1,1,2,43,SBS32,1
mut_1294,1,6470,291,51,2,1,1,1,2,4,SBS49,0
mut_1295,1,6475,372,50,2,1,1,1,2,4,SBS49,1
mut_1296,1,6480,237,1,2,1,1,1,2,4,SBS49,1
mut_1297,1,6485,291,91,2,1,2,2,3,6,SBS49,0
mut_1298,1,6490,205,39,2,0,1,1,1,32,SBS49,1
mut_1299,1,6495,129,24,2,1,2,3,4,4,SBS49,1
mut_1300,1,6500,249,7,2,0,1,2,2,32,SBS32,2
mut_1301,1,6505,338,13,2,1,1,1,2,47,SBS32,2
mut_1302,1,6510,354,108,2,1,2,2,3,12,SBS49,0
mut_1303,1,6515,110,7,2,1,1,1,2,0,SBS32,1
mut_1304,1,6520,348,57,2,1,1,1,2,45,SBS32,0
mut_1305,1,6525,156,29,2,1,1,1,2,4,SBS49,0
mut_1306,1,6530,262,35,2,1,1,1,2,32,SBS32,0
mut_1307,1,6535,481,8,2,0,1,1,1,45,SBS32,2
mut_1308,1,6540,55,10,2,0,1,2,2,12,SBS32,0
mut_1309,1,6545,191,14,2,1,1,1,2,4,SBS49,0
mut_1310,1,6550,103,24,2,0,1,2,2,73,SBS32,1
mut_1311,1,6555,365,30,2,1,1,1,2,35,SBS32,0
mut_1312,1,6560,222,8,2,0,1,1,1,6,SBS49,1
mut_1313,1,6565,102,14,2,0,1,1,1,0,SBS49,0
mut_1314,1,6570,278,74,2,0,1,1,1,7,SBS49,0
mut_1315,1,6575,72,10,2,1,2,2,3,6,SBS49,0
mut_1316,1,6580,338,102,2,1,2,2,3,6,SBS49,0
mut_1317,1,6585,153,17,2,1,1,1,2,6,SBS49,0
mut_1318,1,6590,98,10,2,1,1,1,2,39,SBS32,1
mut_1319,1,6595,172,13,2,0,1,1,1,47,SBS32,1
mut_1320,1,6600,164,22,2,0,1,1,1,6,SBS49,0
mut_1321,1,6605,337,40,2,1,1,1,2,6,SBS49,0
mut_1322,1,6610,340,10,2,1,1,1,2,45,SBS32,2
mut_1323,1,6615,60,10,2,0,1,1,1,6,SBS49,0
mut_1324,1,6620,209,32,2,0,1,2,2,6,SBS49,0
mut_1325,1,6625,163,3,2,1,1,1,2,6,SBS49,2
mut_1326,1,6630,323,134,2,1,1,1,2,13,SBS49,1
mut_1327,1,6635,32,24,2,0,2,3,3,58,SBS32,0
mut_1328,1,6640,345,116,2,1,2,2,3,6,SBS49,0
mut_1329,1,6645,184,30,2,1,2,2,3,36,SBS32,0
mut_1330,1,6650,68,2,2,1,1,1,2,14,SBS32,2
mut_1331,1,6655,67,1,2,1,1,1,2,1,SBS32,2
mut_1332,1,6660,393,95,2,1,2,2,3,4,SBS49,0
mut_1333,1,6665,231,89,2,0,2,2,2,6,SBS49,0
mut_1334,1,6670,336,36,2,1,1,2,3,6,SBS49,0
mut_1335,1,6675,259,36,2,1,1,1,2,6,SBS49,0
mut_1336,1,6680,444,55,2,2,1,2,4,14,SBS49,0
mut_1337,1,6685,368,21,2,1,2,2,3,32,SBS32,1
mut_1338,1,6690,253,11,2,0,1,1,1,33,SBS32,2
mut_1339,1,6695,110,16,2,1,1,1,2,6,SBS49,0
mut_1340,1,6700,366,20,2,1,1,1,2,6,SBS49,2
mut_1341,1,6705,53,2,2,1,1,1,2,33,SBS32,1
mut_1342,1,6710,88,5,2,0,1,1,1,42,SBS32,2
mut_1343,1,6715,386,105,2,1,2,2,3,5,SBS49,0
mut_1344,1,6720,449,29,2,1,1,1,2,6,SBS49,0
mut_1345,1,6725,273,49,2,2,2,2,4,6,SBS49,0
mut_1346,1,6730,198,78,2,1,3,3,4,14,SBS49,0
mut_1347,1,6735,79,13,2,1,1,1,2,10,SBS49,0
mut_1348,1,6740,378,61,2,0,1,2,2,5,SBS49,0
mut_1349,1,6745,320,77,2,0,2,2,2,13,SBS32,1
mut_1350,1,6750,370,61,2,1,1,2,3,6,SBS49,0
mut_1351,1,6755,200,3,2,1,1,1,2,6,SBS49,1
mut_1352,1,6760,357,17,2,0,1,2,2,33,SBS32,2
mut_1353,1,6765,96,8,2,1,1,1,2,43,SBS32,2
mut_1354,1,6770,109,3,2,0,1,2,2,35,SBS32,2
mut_1355,1,6775,306,11,2,1,1,1,2,45,SBS32,2
mut_1356,1,6780,122,40,2,1,3,3,4,35,SBS32,1
mut_1357,1,6785,117,14,2,1,1,1,2,2,SBS49,0
mut_1358,1,6790,293,107,2,0,2,3,3,47,SBS32,0
mut_1359,1,6795,198,23,2,1,1,1,2,6,SBS49,0
mut_1360,1,6800,47,6,2,1,1,1,2,35,SBS32,0
mut_1361,1,6805,230,73,2,0,2,2,2,6,SBS49,0
mut_1362,1,6810,273,23,2,2,1,4,6,4,SBS49,0
mut_1363,1,6815,415,13,2,1,2,2,3,33,SBS32,2
mut_1364,1,6820,307,18,2,1,1,1,2,6,SBS49,1
mut_1365,1,6825,281,47,2,1,1,1,2,7,SBS49,0
mut_1366,1,6830,221,75,2,0,2,2,2,47,SBS32,0
mut_1367,1,6835,201,17,2,1,2,3,4,32,SBS32,1
mut_1368,1,6840,120,32,2,1,1,1,2,33,SBS32,1
mut_1369,1,6845,458,30,2,1,1,2,3,7,SBS49,0
mut_1370,1,6850,238,23,2,1,1,1,2,4,SBS49,0
mut_1371,1,6855,175,65,2,0,2,2,2,6,SBS49,0
mut_1372,1,6860,112,14,2,0,1,1,1,6,SBS49,0
mut_1373,1,6865,406,47,2,0,2,2,2,6,SBS49,1
mut_1374,1,6870,421,59,2,1,1,1,2,33,SBS32,0
mut_1375,1,6875,490,1,2,1,1,1,2,33,SBS32,2
mut_1376,1,6880,231,60,2,1,1,2,3,7,SBS49,0
mut_1377,1,6885,136,36,2,1,2,4,5,6,SBS49,0
mut_1378,1,6890,222,195,2,1,2,2,3,6,SBS49,1
mut_1379,1,6895,380,24,2,1,1,2,3,6,SBS49,0
mut_1380,1,6900,310,122,2,0,1,1,1,6,SBS49,0
mut_1381,1,6905,304,1,2,0,1,2,2,90,SBS32,1
mut_1382,1,6910,464,7,2,2,1,2,4,38,SBS32,2
mut_1383,1,6915,181,17,2,1,1,2,3,35,SBS32,0
mut_1384,1,6920,273,4,2,1,1,1,2,75,SBS32,1
mut_1385,1,6925,354,108,2,1,1,1,2,6,SBS49,0
mut_1386,1,6930,174,1,2,1,1,1,2,32,SBS32,2
mut_1387,1,6935,311,149,2,0,2,3,3,33,SBS32,0
mut_1388,1,6940,433,50,2,1,2,3,4,5,SBS32,1
mut_1389,1,6945,439,8,2,1,1,1,2,47,SBS32,2
mut_1390,1,6950,88,10,2,1,2,2,3,45,SBS32,2
mut_1391,1,6955,402,2,2,1,1,1,2,94,SBS32,1
mut_1392,1,6960,77,2,2,2,1,2,4,41,SBS32,2
mut_1393,1,6965,45,13,2,1,2,2,3,4,SBS49,0
mut_1394,1,6970,221,40,2,1,1,1,2,6,SBS49,0
mut_1395,1,6975,148,11,2,0,1,1,1,47,SBS32,2
mut_1396,1,6980,411,4,2,2,1,5,7,32,SBS32,2
mut_1397,1,6985,357,1,2,1,2,3,4,32,SBS32,2
mut_1398,1,6990,177,10,2,1,1,2,3,32,SBS32,2
mut_1399,1,6995,348,18,2,1,1,2,3,6,SBS49,0
mut_1400,1,7000,306,42,2,1,1,1,2,6,SBS49,0
mut_1401,1,7005,408,42,2,1,1,1,2,6,SBS49,0
mut_1402,1,7010,254,25,2,1,1,1,2,4,SBS49,0
mut_1403,1,7015,134,52,2,1,2,2,3,6,SBS49,0
mut_1404,1,7020,125,11,2,1,2,2,3,40,SBS32,1
mut_1405,1,7025,297,27,2,2,1,2,4,33,SBS32,0
mut_1406,1,7030,342,52,2,0,1,1,1,6,SBS49,0
mut_1407,1,7035,284,51,2,1,1,1,2,4,SBS49,0
mut_1408,1,7040,265,52,2,0,1,1,1,6,SBS49,0
mut_1409,1,7045,191,20,2,1,1,1,2,14,SBS49,0
mut_1410,1,7050,442,49,2,0,1,1,1,6,SBS49,0
mut_1411,1,7055,231,27,2,0,1,2,2,6,SBS49,0
mut_1412,1,7060,113,9,2,1,1,2,3,4,SBS49,0
mut_1413,1,7065,426,23,2,2,1,3,5,12,SBS49,0
mut_1414,1,7070,104,2,2,1,1,1,2,35,SBS32,2
mut_1415,1,7075,47,18,2,1,1,1,2,72,SBS32,1
mut_1416,1,7080,143,31,2,1,1,1,2,6,SBS49,0
mut_1417,1,7085,461,1,2,1,1,2,3,4,SBS49,1
mut_1418,1,7090,49,8,2,1,1,1,2,6,SBS49,0
mut_1419,1,7095,104,16,2,0,1,1,1,7,SBS49,0
mut_1420,1,7100,265,167,2,0,3,3,3,6,SBS49,0
mut_1421,1,7105,191,60,2,1,1,1,2,35,SBS32,1
mut_1422,1,7110,125,21,2,0,1,1,1,4,SBS49,0
mut_1423,1,7115,103,11,2,1,1,1,2,4,SBS49,0
mut_1424,1,7120,241,66,2,0,2,2,2,13,SBS49,0
mut_1425,1,7125,356,26,2,0,1,1,1,6,SBS49,0
mut_1426,1,7130,139,25,2,0,1,1,1,10,SBS49,0
mut_1427,1,7135,114,1,2,2,1,2,4,4,SBS49,2
mut_1428,1,7140,392,70,2,1,1,1,2,6,SBS49,0
mut_1429,1,7145,166,12,2,1,1,1,2,6,SBS49,0
mut_1430,1,7150,251,51,2,1,1,2,3,8,SBS49,0
mut_1431,1,7155,289,32,2,1,1,1,2,6,SBS49,0
mut_1432,1,7160,294,11,2,1,1,2,3,44,SBS32,2
mut_1433,1,7165,246,1,2,0,1,1,1,35,SBS32,2
mut_1434,1,7170,323,48,2,1,1,1,2,6,SBS49,0
mut_1435,1,7175,211,16,2,1,1,4,5,2,SBS49,0
mut_1436,1,7180,117,28,2,0,1,1,1,12,SBS49,0
mut_1437,1,7185,255,53,2,1,1,1,2,6,SBS49,0
mut_1438,1,7190,371,77,2,0,2,2,2,1,SBS49,0
mut_1439,1,7195,279,6,2,1,1,1,2,1,SBS32,2
mut_1440,1,7200,81,17,2,1,1,1,2,4,SBS49,0
mut_1441,1,7205,392,79,2,0,1,1,1,34,SBS49,0
mut_1442,1,7210,118,47,2,1,1,1,2,14,SBS49,1
mut_1443,1,7215,238,16,2,0,1,2,2,6,SBS49,1
mut_1444,1,7220,223,75,2,0,2,2,2,6,SBS49,0
mut_1445,1,7225,66,19,2,0,1,1,1,4,SBS49,0
mut_1446,1,7230,309,179,2,1,3,3,4,33,SBS32,1
mut_1447,1,7235,76,32,2,0,2,2,2,4,SBS49,0
mut_1448,1,7240,57,3,2,0,1,1,1,4,SBS49,1
mut_1449,1,7245,290,115,2,1,2,2,3,6,SBS49,0
mut_1450,1,7250,320,11,2,0,1,1,1,35,SBS32,2
mut_1451,1,7255,64,7,2,1,1,1,2,6,SBS49,0
mut_1452,1,7260,128,1,2,1,1,3,4,33,SBS32,2
mut_1453,1,7265,213,21,2,1,1,3,4,4,SBS49,0
mut_1454,1,7270,456,9,2,1,1,1,2,47,SBS32,2
mut_1455,1,7275,432,18,2,1,2,2,3,43,SBS32,2
mut_1456,1,7280,175,22,2,1,1,1,2,4,SBS49,0
mut_1457,1,7285,78,11,2,1,1,1,2,6,SBS49,0
mut_1458,1,7290,417,14,2,1,1,1,2,35,SBS32,2
mut_1459,1,7295,252,36,2,1,1,3,4,5,SBS49,0
mut_1460,1,7300,307,35,2,1,1,1,2,6,SBS49,0
mut_1461,1,7305,305,24,2,2,1,2,4,5,SBS49,0
mut_1462,1,7310,387,60,2,1,1,2,3,6,SBS49,0
mut_1463,1,7315,56,2,2,0,2,2,2,35,SBS32,1
mut_1464,1,7320,225,1,2,1,1,1,2,74,SBS32,2
mut_1465,1,7325,179,1,2,1,1,2,3,33,SBS32,1
mut_1466,1,7330,120,37,2,1,1,1,2,4,SBS49,0
mut_1467,1,7335,216,22,2,1,1,1,2,14,SBS49,2
mut_1468,1,7340,171,2,2,1,1,1,2,6,SBS49,1
mut_1469,1,7345,453,21,2,1,1,1,2,12,SBS32,1
mut_1470,1,7350,344,5,2,0,1,1,1,33,SBS32,2
mut_1471,1,7355,279,53,2,0,1,1,1,6,SBS49,0
mut_1472,1,7360,260,103,2,1,2,2,3,0,SBS49,0
mut_1473,1,7365,111,9,2,1,1,1,2,4,SBS49,0
mut_1474,1,7370,385,44,2,1,1,1,2,43,SBS49,0
mut_1475,1,7375,334,6,2,1,1,1,2,74,SBS32,2
mut_1476,1,7380,250,41,2,0,1,1,1,5,SBS49,0
mut_1477,1,7385,336,60,2,1,2,2,3,6,SBS49,0
mut_1478,1,7390,202,14,2,1,1,2,3,14,SBS49,1
mut_1479,1,7395,266,3,2,1,1,1,2,33,SBS32,2
mut_1480,1,7400,324,10,2,1,1,1,2,40,SBS32,2
mut_1481,1,7405,54,10,2,1,1,2,3,6,SBS49,0
mut_1482,1,7410,274,50,2,1,1,1,2,47,SBS32,1
mut_1483,1,7415,415,40,2,0,1,1,1,45,SBS32,1
mut_1484,1,7420,132,40,2,0,1,1,1,4,SBS49,0
mut_1485,1,7425,146,1,2,1,1,1,2,41,SBS32,2
mut_1486,1,7430,127,42,2,1,2,2,3,32,SBS32,0
mut_1487,1,7435,258,27,2,0,1,1,1,39,SBS32,1
mut_1488,1,7440,140,5,2,1,2,2,3,43,SBS32,1
mut_1489,1,7445,323,78,2,0,1,1,1,6,SBS49,0
mut_1490,1,7450,117,12,2,1,1,1,2,6,SBS49,0
mut_1491,1,7455,357,3,2,1,1,1,2,45,SBS32,2
mut_1492,1,7460,116,75,2,1,2,2,3,6,SBS49,0
mut_1493,1,7465,315,17,2,0,1,2,2,33,SBS32,1
mut_1494,1,7470,272,50,2,0,1,1,1,6,SBS49,0
mut_1495,1,7475,182,64,2,1,2,4,5,6,SBS49,0
mut_1496,1,7480,368,8,2,1,1,1,2,6,SBS49,1
mut_1497,1,7485,370,52,2,0,1,1,1,4,SBS49,0
mut_1498,1,7490,383,70,2,0,1,1,1,74,SBS32,0
mut_1499,1,7495,333,1,2,0,1,2,2,6,SBS49,1
mut_1500,1,7500,307,40,2,1,1,2,3,6,SBS49,0
mut_1501,1,7505,100,13,2,1,1,1,2,15,SBS49,0
mut_1502,1,7510,64,6,2,1,1,1,2,35,SBS32,2
mut_1503,1,7515,218,59,2,1,1,1,2,15,SBS49,0
mut_1504,1,7520,275,173,2,1,3,3,4,43,SBS32,0
mut_1505,1,7525,256,24,2,1,1,1,2,6,SBS49,0
mut_1506,1,7530,260,25,2,0,1,1,1,35,SBS32,1
mut_1507,1,7535,409,3,2,1,1,1,2,41,SBS32,2
mut_1508,1,7540,331,26,2,1,1,1,2,33,SBS32,0
mut_1509,1,7545,78,12,2,1,1,2,3,4,SBS49,0
mut_1510,1,7550,342,60,2,1,1,1,2,43,SBS32,0
mut_1511,1,7555,231,38,2,2,1,3,5,6,SBS49,0
mut_1512,1,7560,421,13,2,1,2,2,3,35,SBS32,1
mut_1513,1,7565,418,13,2,0,1,1,1,35,SBS32,1
mut_1514,1,7570,183,33,2,0,1,1,1,0,SBS49,0
mut_1515,1,7575,94,37,2,0,1,1,1,35,SBS32,1
mut_1516,1,7580,201,53,2,0,1,1,1,10,SBS49,0
mut_1517,1,7585,390,27,2,1,1,1,2,61,SBS32,2
mut_1518,1,7590,133,97,2,0,1,1,1,72,SBS32,1
mut_1519,1,7595,155,18,2,1,1,1,2,4,SBS49,0
mut_1520,1,7600,214,51,2,0,1,1,1,6,SBS49,0
mut_1521,1,7605,387,103,2,2,2,2,4,14,SBS49,0
mut_1522,1,7610,388,66,2,1,1,1,2,32,SBS32,0
mut_1523,1,7615,84,24,2,0,2,2,2,6,SBS49,0
mut_1524,1,7620,237,11,2,0,1,1,1,33,SBS32,2
mut_1525,1,7625,246,22,2,0,1,1,1,6,SBS49,0
mut_1526,1,7630,139,34,2,1,1,1,2,6,SBS49,0
mut_1527,1,7635,224,14,2,1,1,1,2,37,SBS32,1
mut_1528,1,7640,383,114,2,1,1,1,2,12,SBS49,0
mut_1529,1,7645,360,97,2,1,1,1,2,15,SBS49,0
mut_1530,1,7650,183,1,2,1,1,1,2,94,SBS32,2
mut_1531,1,7655,315,45,2,1,1,1,2,46,SBS32,0
mut_1532,1,7660,364,6,2,1,1,1,2,58,SBS32,1
mut_1533,1,7665,257,17,2,1,1,3,4,32,SBS32,2
mut_1534,1,7670,55,12,2,0,1,2,2,6,SBS49,0
mut_1535,1,7675,71,8,2,1,1,1,2,6,SBS49,0
mut_1536,1,7680,165,51,2,1,1,1,2,4,SBS49,0
mut_1537,1,7685,403,61,2,0,1,1,1,86,SBS49,0
mut_1538,1,7690,196,7,2,0,2,2,2,6,SBS49,2
mut_1539,1,7695,87,22,2,0,1,1,1,5,SBS49,0
mut_1540,1,7700,379,53,2,2,1,2,4,4,SBS49,1
mut_1541,1,7705,354,146,2,0,2,2,2,6,SBS49,0
mut_1542,1,7710,44,20,2,2,3,3,5,6,SBS49,0
mut_1543,1,7715,181,23,2,2,1,2,4,6,SBS49,0
mut_1544,1,7720,224,30,2,0,1,1,1,0,SBS32,1
mut_1545,1,7725,300,196,2,0,2,2,2,4,SBS49,1
mut_1546,1,7730,129,18,2,1,1,1,2,6,SBS49,0
mut_1547,1,7735,61,14,2,1,1,1,2,4,SBS49,0
mut_1548,1,7740,297,73,2,1,2,3,4,6,SBS49,1
mut_1549,1,7745,281,88,2,0,1,2,2,58,SBS32,0
mut_1550,1,7750,371,12,2,1,1,2,3,4,SBS49,0
mut_1551,1,7755,367,38,2,2,1,2,4,35,SBS32,0
mut_1552,1,7760,310,57,2,1,1,1,2,6,SBS49,0
mut_1553,1,7765,160,15,2,2,1,2,4,35,SBS32,1
mut_1554,1,7770,294,51,2,1,1,2,3,12,SBS49,0
mut_1555,1,7775,305,154,2,1,2,2,3,47,SBS32,0
mut_1556,1,7780,323,15,2,0,1,1,1,6,SBS49,1
mut_1557,1,7785,241,210,2,2,3,3,5,45,SBS32,1
mut_1558,1,7790,152,24,2,1,1,2,3,6,SBS49,0
mut_1559,1,7795,356,4,2,1,1,1,2,39,SBS32,2
mut_1560,1,7800,417,11,2,2,2,2,4,45,SBS32,1
mut_1561,1,7805,290,11,2,0,3,3,3,46,SBS32,2
mut_1562,1,7810,104,3,2,1,1,1,2,56,SBS32,2
mut_1563,1,7815,368,102,2,0,1,2,2,7,SBS49,0
mut_1564,1,7820,131,19,2,1,1,1,2,43,SBS32,0
mut_1565,1,7825,389,66,2,2,2,2,4,75,SBS32,1
mut_1566,1,7830,295,7,2,0,1,1,1,41,SBS32,2
mut_1567,1,7835,247,4,2,1,1,1,2,3,SBS32,2
mut_1568,1,7840,360,117,2,1,2,2,3,58,SBS32,0
mut_1569,1,7845,112,12,2,1,1,1,2,4,SBS49,1
mut_1570,1,7850,336,110,2,2,3,3,5,1,SBS49,0
mut_1571,1,7855,225,39,2,1,2,2,3,10,SBS49,0
mut_1572,1,7860,184,46,2,1,1,1,2,6,SBS49,0
mut_1573,1,7865,405,32,2,1,1,1,2,45,SBS32,0
mut_1574,1,7870,338,5,2,1,1,1,2,42,SBS32,2
mut_1575,1,7875,274,66,2,1,2,2,3,6,SBS49,0
mut_1576,1,7880,397,9,2,3,1,4,7,33,SBS32,2
mut_1577,1,7885,136,40,2,1,1,1,2,4,SBS49,0
mut_1578,1,7890,244,9,2,1,2,2,3,45,SBS32,1
mut_1579,1,7895,52,10,2,0,1,2,2,6,SBS49,0
mut_1580,1,7900,121,26,2,1,1,1,2,6,SBS49,0
mut_1581,1,7905,38,17,2,1,2,2,3,5,SBS49,0
mut_1582,1,7910,311,61,2,1,1,1,2,14,SBS49,0
mut_1583,1,7915,495,1,2,1,1,2,3,12,SBS49,1
mut_1584,1,7920,324,1,2,1,1,1,2,6,SBS49,1
mut_1585,1,7925,58,10,2,1,1,1,2,6,SBS49,0
mut_1586,1,7930,70,11,2,0,1,2,2,14,SBS49,0
mut_1587,1,7935,442,49,2,2,1,3,5,6,SBS49,0
mut_1588,1,7940,392,104,2,1,1,1,2,6,SBS49,0
mut_1589,1,7945,65,11,2,1,1,1,2,6,SBS49,0
mut_1590,1,7950,390,62,2,1,1,1,2,7,SBS49,0
mut_1591,1,7955,185,23,2,1,1,1,2,4,SBS49,0
mut_1592,1,7960,236,48,2,0,1,1,1,0,SBS49,0
mut_1593,1,7965,122,6,2,1,1,1,2,3,SBS49,1
mut_1594,1,7970,168,91,2,0,2,2,2,6,SBS49,0
mut_1595,1,7975,233,26,2,1,1,1,2,6,SBS49,0
mut_1596,1,7980,167,41,2,1,2,2,3,6,SBS49,0
mut_1597,1,7985,383,5,2,1,1,1,2,47,SBS32,2
mut_1598,1,7990,211,32,2,1,1,1,2,4,SBS49,0
mut_1599,1,7995,110,12,2,1,1,1,2,7,SBS49,0
mut_1600,1,8000,307,61,2,1,1,1,2,6,SBS49,0
mut_1601,1,8005,328,2,2,1,2,2,3,33,SBS32,2
mut_1602,1,8010,97,20,2,1,1,1,2,5,SBS49,0
mut_1603,1,8015,123,57,2,0,2,2,2,6,SBS49,0
mut_1604,1,8020,402,45,2,1,1,1,2,6,SBS49,0
mut_1605,1,8025,474,12,2,1,2,2,3,41,SBS32,2
mut_1606,1,8030,391,20,2,0,1,1,1,40,SBS32,1
mut_1607,1,8035,157,25,2,1,1,2,3,4,SBS49,0
mut_1608,1,8040,190,54,2,0,2,2,2,4,SBS49,0
mut_1609,1,8045,135,44,2,0,2,2,2,1,SBS49,0
mut_1610,1,8050,350,60,2,1,1,1,2,47,SBS32,1
mut_1611,1,8055,147,2,2,1,1,2,3,37,SBS32,2
mut_1612,1,8060,182,25,2,1,1,2,3,38,SBS32,1
mut_1613,1,8065,393,12,2,0,1,2,2,57,SBS32,2
mut_1614,1,8070,118,21,2,1,1,1,2,7,SBS49,0
mut_1615,1,8075,256,50,2,0,1,2,2,5,SBS49,0
mut_1616,1,8080,260,45,2,1,1,1,2,6,SBS49,0
mut_1617,1,8085,305,126,2,0,2,2,2,4,SBS49,0
mut_1618,1,8090,391,3,2,1,1,2,3,35,SBS32,1
mut_1619,1,8095,64,17,2,0,2,2,2,6,SBS49,0
mut_1620,1,8100,251,43,2,0,1,1,1,4,SBS49,0
mut_1621,1,8105,394,1,2,1,1,1,2,43,SBS32,1
mut_1622,1,8110,59,9,2,0,1,2,2,6,SBS49,0
mut_1623,1,8115,177,25,2,1,1,1,2,6,SBS49,0
mut_1624,1,8120,403,66,2,1,1,1,2,7,SBS49,0
mut_1625,1,8125,160,18,2,1,1,2,3,4,SBS49,0
mut_1626,1,8130,124,22,2,1,1,1,2,6,SBS49,0
mut_1627,1,8135,99,1,2,1,1,2,3,32,SBS32,2
mut_1628,1,8140,130,21,2,1,1,1,2,5,SBS49,0
mut_1629,1,8145,440,9,2,1,1,1,2,33,SBS32,2
mut_1630,1,8150,231,4,2,1,1,1,2,43,SBS32,1
mut_1631,1,8155,124,50,2,1,2,2,3,6,SBS49,0
mut_1632,1,8160,163,19,2,1,1,2,3,4,SBS49,0
mut_1633,1,8165,250,85,2,1,2,2,3,6,SBS49,0
mut_1634,1,8170,349,134,2,0,2,2,2,6,SBS49,0
mut_1635,1,8175,458,19,2,0,1,1,1,32,SBS32,2
mut_1636,1,8180,177,62,2,0,1,1,1,5,SBS49,0
mut_1637,1,8185,280,34,2,1,1,2,3,5,SBS49,0
mut_1638,1,8190,112,42,2,1,2,2,3,6,SBS49,0
mut_1639,1,8195,185,21,2,1,1,1,2,6,SBS49,0
mut_1640,1,8200,291,100,2,1,2,3,4,12,SBS49,0
mut_1641,1,8205,270,4,2,1,1,1,2,6,SBS49,2
mut_1642,1,8210,409,73,2,0,1,1,1,4,SBS49,0
mut_1643,1,8215,277,78,2,1,2,2,3,12,SBS49,0
mut_1644,1,8220,288,53,2,1,1,1,2,6,SBS49,0
mut_1645,1,8225,321,38,2,1,1,1,2,6,SBS49,0
mut_1646,1,8230,68,2,2,0,1,2,2,32,SBS32,1
mut_1647,1,8235,195,10,2,1,1,1,2,5,SBS49,0
mut_1648,1,8240,130,14,2,1,1,2,3,43,SBS32,0
mut_1649,1,8245,387,1,2,1,1,1,2,32,SBS32,2
mut_1650,1,8250,87,28,2,0,1,1,1,35,SBS32,1
mut_1651,1,8255,412,11,2,1,1,1,2,33,SBS32,1
mut_1652,1,8260,53,15,2,0,1,1,1,35,SBS32,1
mut_1653,1,8265,195,29,2,1,1,1,2,4,SBS49,0
mut_1654,1,8270,423,54,2,1,1,2,3,6,SBS49,0
mut_1655,1,8275,146,1,2,2,2,3,5,6,SBS49,2
mut_1656,1,8280,361,99,2,0,2,2,2,4,SBS49,0
mut_1657,1,8285,308,2,2,2,1,2,4,33,SBS32,2
mut_1658,1,8290,71,1,2,1,1,1,2,45,SBS32,2
mut_1659,1,8295,105,28,2,1,2,2,3,12,SBS49,0
mut_1660,1,8300,168,64,2,1,2,3,4,4,SBS49,0
mut_1661,1,8305,200,31,2,1,1,1,2,6,SBS49,0
mut_1662,1,8310,141,9,2,1,2,2,3,1,SBS32,1
mut_1663,1,8315,143,24,2,1,1,1,2,43,SBS32,0
mut_1664,1,8320,264,7,2,1,1,2,3,41,SBS32,2
mut_1665,1,8325,270,71,2,1,1,1,2,6,SBS49,0
mut_1666,1,8330,154,14,2,1,1,2,3,32,SBS32,0
mut_1667,1,8335,335,79,2,1,1,1,2,14,SBS49,0
mut_1668,1,8340,206,83,2,0,2,2,2,6,SBS49,0
mut_1669,1,8345,204,75,2,1,2,2,3,6,SBS49,0
mut_1670,1,8350,326,39,2,1,1,2,3,1,SBS32,0
mut_1671,1,8355,384,91,2,1,2,2,3,6,SBS49,0
mut_1672,1,8360,42,14,2,1,2,2,3,6,SBS49,0
mut_1673,1,8365,109,14,2,0,1,1,1,6,SBS49,0
mut_1674,1,8370,423,3,2,1,2,2,3,33,SBS32,1
mut_1675,1,8375,288,61,2,1,1,1,2,6,SBS49,0
mut_1676,1,8380,236,6,2,0,1,2,2,72,SBS32,2
mut_1677,1,8385,245,85,2,0,1,1,1,6,SBS49,1
mut_1678,1,8390,87,4,2,1,1,1,2,44,SBS32,2
mut_1679,1,8395,200,61,2,0,2,3,3,6,SBS49,0
mut_1680,1,8400,99,20,2,1,1,2,3,12,SBS49,0
mut_1681,1,8405,51,2,2,1,1,2,3,0,SBS49,0
mut_1682,1,8410,201,73,2,1,2,2,3,6,SBS49,0
mut_1683,1,8415,80,22,2,2,2,2,4,4,SBS49,1
mut_1684,1,8420,230,38,2,1,1,2,3,6,SBS49,0
mut_1685,1,8425,207,60,2,1,3,3,4,4,SBS49,0
mut_1686,1,8430,45,13,2,1,1,1,2,0,SBS49,0
mut_1687,1,8435,261,45,2,0,1,1,1,6,SBS49,0
mut_1688,1,8440,262,61,2,0,1,1,1,2,SBS49,0
mut_1689,1,8445,162,10,2,0,1,1,1,1,SBS32,2
mut_1690,1,8450,97,22,2,0,1,1,1,12,SBS49,0
mut_1691,1,8455,150,12,2,1,1,1,2,11,SBS49,0
mut_1692,1,8460,418,18,2,0,1,1,1,7,SBS49,1
mut_1693,1,8465,96,2,2,1,1,2,3,6,SBS49,1
mut_1694,1,8470,240,10,2,1,1,2,3,14,SBS49,1
mut_1695,1,8475,107,11,2,0,1,2,2,6,SBS49,0
mut_1696,1,8480,339,33,2,1,1,2,3,4,SBS49,0
mut_1697,1,8485,384,100,2,0,2,2,2,44,SBS32,0
mut_1698,1,8490,202,20,2,0,1,1,1,45,SBS32,2
mut_1699,1,8495,192,10,2,0,1,2,2,6,SBS49,0
mut_1700,1,8500,237,58,2,1,1,1,2,14,SBS49,0
mut_1701,1,8505,60,2,2,1,1,1,2,1,SBS32,2
mut_1702,1,8510,399,33,2,1,1,2,3,7,SBS49,0
mut_1703,1,8515,269,1,2,0,1,2,2,35,SBS32,1
mut_1704,1,8520,284,114,2,1,2,2,3,0,SBS49,0
mut_1705,1,8525,65,27,2,0,1,1,1,6,SBS49,0
mut_1706,1,8530,126,2,2,0,1,1,1,34,SBS32,2
mut_1707,1,8535,459,37,2,0,1,1,1,35,SBS32,1
mut_1708,1,8540,422,70,2,1,1,3,4,6,SBS49,0
mut_1709,1,8545,407,76,2,1,1,1,2,5,SBS49,0
mut_1710,1,8550,109,19,2,1,1,2,3,6,SBS49,0
mut_1711,1,8555,422,11,2,1,1,1,2,41,SBS32,2
mut_1712,1,8560,201,18,2,1,1,2,3,4,SBS49,0
mut_1713,1,8565,171,30,2,0,1,1,1,6,SBS49,0
mut_1714,1,8570,288,24,2,1,1,2,3,11,SBS49,0
mut_1715,1,8575,442,30,2,1,2,2,3,7,SBS49,2
mut_1716,1,8580,167,21,2,1,1,1,2,14,SBS49,0
mut_1717,1,8585,150,56,2,1,2,2,3,6,SBS49,0
mut_1718,1,8590,340,71,2,0,1,1,1,13,SBS49,0
mut_1719,1,8595,170,135,2,0,1,1,1,33,SBS32,1
mut_1720,1,8600,96,39,2,1,2,2,3,6,SBS49,1
mut_1721,1,8605,403,26,2,1,1,1,2,16,SBS32,1
mut_1722,1,8610,419,67,2,1,1,1,2,4,SBS49,0
mut_1723,1,8615,420,5,2,0,1,2,2,78,SBS32,2
mut_1724,1,8620,245,81,2,1,2,2,3,4,SBS49,0
mut_1725,1,8625,227,29,2,1,1,2,3,6,SBS49,0
mut_1726,1,8630,72,20,2,1,2,3,4,6,SBS49,0
mut_1727,1,8635,72,4,2,0,1,2,2,4,SBS49,0
mut_1728,1,8640,391,63,2,1,2,2,3,6,SBS49,0
mut_1729,1,8645,159,7,2,0,2,2,2,1,SBS32,2
mut_1730,1,8650,188,13,2,1,1,2,3,4,SBS49,0
mut_1731,1,8655,201,11,2,1,1,1,2,43,SBS32,1
mut_1732,1,8660,162,5,2,1,1,1,2,15,SBS32,2
mut_1733,1,8665,58,22,2,0,1,1,1,4,SBS49,0
mut_1734,1,8670,199,1,2,0,1,1,1,32,SBS32,2
mut_1735,1,8675,314,15,2,1,2,2,3,32,SBS32,1
mut_1736,1,8680,145,17,2,2,2,2,4,6,SBS49,0
mut_1737,1,8685,58,4,2,0,1,1,1,35,SBS32,2
mut_1738,1,8690,381,71,2,1,1,2,3,35,SBS32,0
mut_1739,1,8695,357,56,2,0,1,1,1,6,SBS49,0
mut_1740,1,8700,168,27,2,1,1,2,3,6,SBS49,0
mut_1741,1,8705,205,27,2,1,1,1,2,6,SBS49,0
mut_1742,1,8710,412,60,2,0,1,2,2,0,SBS32,0
mut_1743,1,8715,155,49,2,0,2,2,2,31,SBS49,0
mut_1744,1,8720,109,20,2,1,1,1,2,6,SBS49,0
mut_1745,1,8725,346,84,2,0,2,2,2,6,SBS49,0
mut_1746,1,8730,57,11,2,0,1,1,1,35,SBS32,0
mut_1747,1,8735,220,8,2,0,1,1,1,8,SBS32,1
mut_1748,1,8740,406,81,2,0,1,2,2,4,SBS49,0
mut_1749,1,8745,231,38,2,1,1,1,2,8,SBS49,0
mut_1750,1,8750,354,11,2,1,2,2,3,57,SBS32,1
mut_1751,1,8755,431,11,2,1,1,1,2,63,SBS32,2
mut_1752,1,8760,222,27,2,0,1,1,1,6,SBS49,0
mut_1753,1,8765,135,35,2,0,1,1,1,4,SBS49,0
mut_1754,1,8770,164,23,2,1,1,1,2,7,SBS49,0
mut_1755,1,8775,309,41,2,1,1,1,2,6,SBS49,0
mut_1756,1,8780,60,1,2,1,1,2,3,57,SBS32,2
mut_1757,1,8785,89,2,2,1,1,1,2,35,SBS32,2
mut_1758,1,8790,400,68,2,1,1,1,2,14,SBS49,0
mut_1759,1,8795,298,93,2,1,1,1,2,24,SBS49,0
mut_1760,1,8800,187,22,2,1,1,1,2,5,SBS49,0
mut_1761,1,8805,163,35,2,1,1,1,2,6,SBS49,0
mut_1762,1,8810,175,61,2,1,2,2,3,4,SBS49,0
mut_1763,1,8815,235,82,2,0,2,2,2,35,SBS32,0
mut_1764,1,8820,51,1,2,0,2,2,2,35,SBS32,2
mut_1765,1,8825,206,88,2,1,2,2,3,6,SBS49,0
mut_1766,1,8830,465,7,2,1,2,2,3,32,SBS32,1
mut_1767,1,8835,305,26,2,1,1,1,2,6,SBS49,0
mut_1768,1,8840,375,110,2,1,2,3,4,4,SBS49,0
mut_1769,1,8845,161,51,2,2,2,2,4,6,SBS49,0
mut_1770,1,8850,201,7,2,0,1,2,2,35,SBS32,1
mut_1771,1,8855,488,1,2,2,1,2,4,37,SBS32,2
mut_1772,1,8860,223,24,2,1,1,1,2,6,SBS49,0
mut_1773,1,8865,58,3,2,1,1,1,2,6,SBS49,0
mut_1774,1,8870,251,38,2,1,1,2,3,73,SBS32,0
mut_1775,1,8875,247,73,2,1,1,1,2,6,SBS49,0
mut_1776,1,8880,312,14,2,0,1,1,1,76,SBS32,1
mut_1777,1,8885,412,37,2,1,1,1,2,6,SBS49,0
mut_1778,1,8890,80,9,2,1,1,2,3,12,SBS49,0
mut_1779,1,8895,271,44,2,1,1,1,2,4,SBS49,0
mut_1780,1,8900,262,67,2,1,2,3,4,6,SBS49,0
mut_1781,1,8905,378,37,2,0,1,1,1,35,SBS32,0
mut_1782,1,8910,171,75,2,1,2,2,3,6,SBS49,0
mut_1783,1,8915,96,22,2,2,2,2,4,45,SBS32,0
mut_1784,1,8920,202,16,2,1,1,1,2,37,SBS32,2
mut_1785,1,8925,180,5,2,1,1,1,2,6,SBS49,0
mut_1786,1,8930,216,46,2,1,2,2,3,0,SBS49,0
mut_1787,1,8935,139,26,2,1,1,1,2,6,SBS49,0
mut_1788,1,8940,303,65,2,0,1,1,1,33,SBS32,0
mut_1789,1,8945,305,96,2,1,2,2,3,5,SBS49,0
mut_1790,1,8950,93,12,2,1,1,1,2,35,SBS32,0
mut_1791,1,8955,85,23,2,1,2,2,3,6,SBS49,0
mut_1792,1,8960,311,77,2,0,1,1,1,12,SBS49,0
mut_1793,1,8965,336,46,2,0,1,2,2,5,SBS49,0
mut_1794,1,8970,303,60,2,1,2,2,3,6,SBS49,0
mut_1795,1,8975,134,33,2,2,2,2,4,6,SBS49,0
mut_1796,1,8980,175,28,2,1,1,1,2,4,SBS49,0
mut_1797,1,8985,137,14,2,1,1,2,3,4,SBS49,1
mut_1798,1,8990,270,24,2,1,2,2,3,4,SBS49,1
mut_1799,1,8995,178,2,2,1,1,1,2,35,SBS32,2
mut_1800,1,9000,300,44,2,1,1,1,2,64,SBS32,0
mut_1801,1,9005,186,44,2,2,2,2,4,6,SBS49,0
mut_1802,1,9010,316,5,2,1,1,1,2,47,SBS32,2
mut_1803,1,9015,219,18,2,1,1,1,2,1,SBS49,0
mut_1804,1,9020,102,24,2,0,1,2,2,35,SBS32,1
mut_1805,1,9025,148,26,2,0,1,1,1,7,SBS49,0
mut_1806,1,9030,347,61,2,1,1,1,2,6,SBS49,0
mut_1807,1,9035,94,5,2,0,1,2,2,35,SBS32,2
mut_1808,1,9040,308,1,2,1,1,1,2,0,SBS32,2
mut_1809,1,9045,156,21,2,1,1,1,2,10,SBS49,0
mut_1810,1,9050,230,6,2,1,1,2,3,43,SBS32,2
mut_1811,1,9055,214,23,2,1,1,1,2,6,SBS49,1
mut_1812,1,9060,194,48,2,1,1,1,2,4,SBS49,0
mut_1813,1,9065,74,57,2,1,1,1,2,35,SBS32,1
mut_1814,1,9070,225,35,2,2,2,2,4,4,SBS49,0
mut_1815,1,9075,61,2,2,1,1,2,3,4,SBS49,0
mut_1816,1,9080,333,72,2,0,1,1,1,6,SBS49,0
mut_1817,1,9085,186,10,2,0,1,1,1,4,SBS49,1
mut_1818,1,9090,368,100,2,1,1,2,3,6,SBS49,1
mut_1819,1,9095,329,66,2,1,1,1,2,45,SBS32,1
mut_1820,1,9100,406,21,2,0,1,1,1,6,SBS49,1
mut_1821,1,9105,171,8,2,0,1,1,1,6,SBS49,2
mut_1822,1,9110,439,25,2,1,1,2,3,35,SBS32,2
mut_1823,1,9115,115,19,2,0,1,1,1,5,SBS49,0
mut_1824,1,9120,225,110,2,0,2,2,2,6,SBS49,0
mut_1825,1,9125,364,11,2,0,3,3,3,39,SBS32,2
mut_1826,1,9130,190,40,2,0,1,2,2,6,SBS49,0
mut_1827,1,9135,95,17,2,1,1,1,2,0,SBS49,0
mut_1828,1,9140,108,28,2,0,1,2,2,4,SBS49,0
mut_1829,1,9145,261,33,2,0,1,2,2,4,SBS49,0
mut_1830,1,9150,400,91,2,0,1,1,1,43,SBS32,1
mut_1831,1,9155,85,15,2,1,1,2,3,15,SBS49,0
mut_1832,1,9160,395,62,2,1,1,1,2,7,SBS49,0
mut_1833,1,9165,382,53,2,1,1,1,2,4,SBS49,0
mut_1834,1,9170,355,66,2,1,1,1,2,8,SBS49,0
mut_1835,1,9175,369,46,2,0,1,1,1,45,SBS32,1
mut_1836,1,9180,275,26,2,1,1,2,3,6,SBS49,0
mut_1837,1,9185,166,5,2,1,1,1,2,47,SBS32,1
mut_1838,1,9190,178,32,2,0,1,2,2,4,SBS49,0
mut_1839,1,9195,436,57,2,0,1,1,1,6,SBS49,0
mut_1840,1,9200,356,93,2,1,2,2,3,4,SBS49,0
mut_1841,1,9205,280,10,2,0,1,2,2,59,SBS32,1
mut_1842,1,9210,44,8,2,2,1,2,4,6,SBS49,0
mut_1843,1,9215,253,45,2,1,1,2,3,6,SBS49,0
mut_1844,1,9220,220,90,2,2,3,4,6,6,SBS49,0
mut_1845,1,9225,338,36,2,2,1,2,4,6,SBS49,0
mut_1846,1,9230,226,31,2,1,1,1,2,5,SBS49,0
mut_1847,1,9235,412,19,2,2,1,2,4,6,SBS49,0
mut_1848,1,9240,70,5,2,1,2,2,3,33,SBS32,1
mut_1849,1,9245,210,18,2,0,1,1,1,18,SBS32,0
mut_1850,1,9250,81,14,2,1,1,1,2,7,SBS49,1
mut_1851,1,9255,115,6,2,1,1,1,2,35,SBS32,2
mut_1852,1,9260,280,13,2,1,1,1,2,4,SBS49,1
mut_1853,1,9265,44,11,2,1,2,2,3,4,SBS49,0
mut_1854,1,9270,242,37,2,1,1,2,3,6,SBS49,0
mut_1855,1,9275,419,64,2,0,1,1,1,35,SBS32,0
mut_1856,1,9280,92,4,2,0,2,3,3,40,SBS32,1
mut_1857,1,9285,140,78,2,1,2,2,3,32,SBS32,1
mut_1858,1,9290,207,33,2,1,1,1,2,6,SBS49,0
mut_1859,1,9295,470,9,2,2,2,2,4,74,SBS32,2
mut_1860,1,9300,238,53,2,1,1,1,2,45,SBS32,0
mut_1861,1,9305,316,26,2,1,1,1,2,6,SBS49,0
mut_1862,1,9310,395,62,2,1,1,1,2,4,SBS49,0
mut_1863,1,9315,245,56,2,1,2,2,3,6,SBS49,0
mut_1864,1,9320,205,34,2,1,1,1,2,43,SBS32,0
mut_1865,1,9325,53,14,2,0,2,3,3,6,SBS49,0
mut_1866,1,9330,151,6,2,1,1,1,2,44,SBS32,1
mut_1867,1,9335,319,59,2,1,1,2,3,6,SBS49,0
mut_1868,1,9340,252,9,2,1,1,1,2,43,SBS32,2
mut_1869,1,9345,375,51,2,1,1,1,2,39,SBS32,1
mut_1870,1,9350,388,77,2,1,1,1,2,6,SBS49,0
mut_1871,1,9355,234,19,2,1,1,1,2,5,SBS49,0
mut_1872,1,9360,168,30,2,1,1,2,3,6,SBS49,0
mut_1873,1,9365,61,25,2,0,2,2,2,4,SBS49,0
mut_1874,1,9370,227,90,2,1,2,2,3,4,SBS49,0
mut_1875,1,9375,384,106,2,0,2,2,2,6,SBS49,0
mut_1876,1,9380,73,2,2,2,2,2,4,35,SBS32,2
mut_1877,1,9385,381,45,2,1,1,1,2,4,SBS49,0
mut_1878,1,9390,296,34,2,1,1,2,3,6,SBS49,0
mut_1879,1,9395,248,38,2,1,1,1,2,0,SBS49,0
mut_1880,1,9400,330,38,2,1,2,2,3,35,SBS32,1
mut_1881,1,9405,301,40,2,1,1,2,3,6,SBS49,0
mut_1882,1,9410,198,22,2,0,1,2,2,36,SBS32,1
mut_1883,1,9415,303,2,2,1,1,1,2,39,SBS32,2
mut_1884,1,9420,150,28,2,1,1,2,3,6,SBS49,0
mut_1885,1,9425,161,33,2,0,1,1,1,7,SBS49,0
mut_1886,1,9430,347,38,2,1,1,2,3,4,SBS49,0
mut_1887,1,9435,255,35,2,1,1,3,4,7,SBS49,0
mut_1888,1,9440,268,35,2,1,1,1,2,7,SBS49,0
mut_1889,1,9445,163,34,2,1,1,1,2,6,SBS49,0
mut_1890,1,9450,421,3,2,1,1,1,2,6,SBS49,1
mut_1891,1,9455,356,3,2,2,2,2,4,33,SBS32,2
mut_1892,1,9460,242,27,2,1,1,1,2,4,SBS49,0
mut_1893,1,9465,209,17,2,1,1,1,2,34,SBS32,2
mut_1894,1,9470,461,15,2,1,1,1,2,3,SBS49,0
mut_1895,1,9475,141,27,2,2,2,3,5,6,SBS49,0
mut_1896,1,9480,454,40,2,1,1,1,2,4,SBS49,0
mut_1897,1,9485,298,78,2,0,1,1,1,14,SBS49,0
mut_1898,1,9490,293,98,2,1,2,2,3,6,SBS49,0
mut_1899,1,9495,57,2,2,0,2,2,2,47,SBS32,2
mut_1900,1,9500,128,20,2,1,1,1,2,6,SBS49,0
mut_1901,1,9505,201,76,2,0,2,2,2,14,SBS49,0
mut_1902,1,9510,403,71,2,1,1,2,3,6,SBS49,0
mut_1903,1,9515,182,16,2,1,2,2,3,32,SBS32,1
mut_1904,1,9520,121,14,2,1,1,1,2,33,SBS32,1
mut_1905,1,9525,192,41,2,1,1,1,2,6,SBS49,0
mut_1906,1,9530,458,14,2,0,1,1,1,90,SBS32,2
mut_1907,1,9535,86,1,2,1,1,1,2,33,SBS32,2
mut_1908,1,9540,149,106,2,0,2,2,2,4,SBS49,0
mut_1909,1,9545,205,36,2,1,1,1,2,21,SBS49,0
mut_1910,1,9550,203,15,2,1,1,1,2,11,SBS49,0
mut_1911,1,9555,51,1,2,1,1,1,2,4,SBS49,0
mut_1912,1,9560,361,4,2,1,1,2,3,33,SBS32,2
mut_1913,1,9565,56,3,2,1,1,1,2,6,SBS49,0
mut_1914,1,9570,235,61,2,0,1,1,1,88,SBS32,0
mut_1915,1,9575,393,4,2,1,1,2,3,32,SBS32,2
mut_1916,1,9580,116,12,2,1,1,1,2,6,SBS49,0
mut_1917,1,9585,264,5,2,2,1,2,4,6,SBS49,0
mut_1918,1,9590,375,70,2,0,1,2,2,6,SBS49,0
mut_1919,1,9595,93,42,2,0,2,2,2,6,SBS49,0
mut_1920,1,9600,429,40,2,1,1,2,3,6,SBS49,0
mut_1921,1,9605,284,11,2,2,1,2,4,33,SBS32,1
mut_1922,1,9610,374,63,2,0,1,1,1,14,SBS49,0
mut_1923,1,9615,203,2,2,0,1,1,1,47,SBS32,2
mut_1924,1,9620,278,69,2,1,2,2,3,6,SBS49,0
mut_1925,1,9625,283,49,2,1,1,1,2,6,SBS49,0
mut_1926,1,9630,129,32,2,0,1,2,2,35,SBS32,0
mut_1927,1,9635,139,22,2,1,1,1,2,35,SBS32,1
mut_1928,1,9640,120,17,2,1,1,2,3,4,SBS49,0
mut_1929,1,9645,254,27,2,1,1,1,2,32,SBS32,0
mut_1930,1,9650,255,67,2,2,2,2,4,47,SBS32,0
mut_1931,1,9655,358,85,2,1,2,2,3,4,SBS49,0
mut_1932,1,9660,490,7,2,1,1,2,3,1,SBS32,2
mut_1933,1,9665,98,15,2,0,1,1,1,35,SBS32,1
mut_1934,1,9670,167,37,2,0,1,1,1,6,SBS49,0
mut_1935,1,9675,98,16,2,0,1,1,1,4,SBS49,0
mut_1936,1,9680,87,17,2,1,1,2,3,4,SBS49,0
mut_1937,1,9685,176,74,2,1,2,2,3,47,SBS32,0
mut_1938,1,9690,365,107,2,1,1,2,3,6,SBS49,1
mut_1939,1,9695,84,11,2,1,1,4,5,4,SBS49,0
mut_1940,1,9700,122,43,2,1,2,2,3,14,SBS49,0
mut_1941,1,9705,204,1,2,1,1,1,2,6,SBS49,2
mut_1942,1,9710,146,46,2,1,2,2,3,4,SBS49,0
mut_1943,1,9715,215,45,2,2,1,2,4,6,SBS49,1
mut_1944,1,9720,298,1,2,1,1,1,2,55,SBS32,2
mut_1945,1,9725,54,1,2,0,2,2,2,45,SBS32,1
mut_1946,1,9730,259,37,2,1,1,1,2,6,SBS49,0
mut_1947,1,9735,479,16,2,0,1,1,1,43,SBS32,2
mut_1948,1,9740,385,61,2,1,1,1,2,15,SBS32,0
mut_1949,1,9745,289,7,2,0,1,2,2,34,SBS32,2
mut_1950,1,9750,102,24,2,0,1,2,2,6,SBS49,0
mut_1951,1,9755,216,19,2,1,1,2,3,7,SBS49,0
mut_1952,1,9760,192,13,2,0,2,2,2,35,SBS32,2
mut_1953,1,9765,82,10,2,1,1,1,2,32,SBS32,0
mut_1954,1,9770,282,4,2,1,1,1,2,41,SBS32,2
mut_1955,1,9775,271,9,2,1,1,1,2,35,SBS32,2
mut_1956,1,9780,208,82,2,0,2,2,2,6,SBS49,0
mut_1957,1,9785,245,52,2,0,1,1,1,6,SBS49,0
mut_1958,1,9790,47,8,2,1,1,1,2,4,SBS49,0
mut_1959,1,9795,278,21,2,1,1,1,2,32,SBS32,2
mut_1960,1,9800,325,57,2,1,1,1,2,6,SBS49,0
mut_1961,1,9805,492,3,2,0,1,3,3,6,SBS49,1
mut_1962,1,9810,386,35,2,0,1,1,1,6,SBS49,0
mut_1963,1,9815,282,46,2,0,1,1,1,4,SBS49,0
mut_1964,1,9820,188,6,2,1,1,1,2,36,SBS32,1
mut_1965,1,9825,428,61,2,1,1,2,3,6,SBS49,0
mut_1966,1,9830,91,9,2,1,1,1,2,5,SBS32,0
mut_1967,1,9835,403,73,2,1,1,1,2,6,SBS49,0
mut_1968,1,9840,363,43,2,2,1,3,5,6,SBS49,0
mut_1969,1,9845,139,4,2,2,1,2,4,32,SBS32,1
mut_1970,1,9850,354,65,2,1,1,1,2,35,SBS32,0
mut_1971,1,9855,480,5,2,1,2,2,3,5,SBS49,2
mut_1972,1,9860,446,7,2,1,1,1,2,5,SBS49,1
mut_1973,1,9865,158,49,2,0,1,1,1,7,SBS49,0
mut_1974,1,9870,372,53,2,1,1,1,2,6,SBS49,0
mut_1975,1,9875,69,77,2,1,1,1,2,33,SBS32,1
mut_1976,1,9880,87,1,2,1,1,1,2,5,SBS49,1
mut_1977,1,9885,382,4,2,1,1,1,2,44,SBS32,2
mut_1978,1,9890,219,21,2,1,1,1,2,6,SBS49,0
mut_1979,1,9895,264,29,2,1,1,1,2,43,SBS49,0
mut_1980,1,9900,237,42,2,1,1,2,3,35,SBS32,0
mut_1981,1,9905,207,13,2,1,1,1,2,6,SBS49,0
mut_1982,1,9910,233,48,2,1,1,1,2,10,SBS49,0
mut_1983,1,9915,106,7,2,1,1,2,3,5,SBS49,0
mut_1984,1,9920,216,38,2,1,1,1,2,4,SBS49,0
mut_1985,1,9925,404,54,2,0,1,1,1,6,SBS49,0
mut_1986,1,9930,141,7,2,1,1,1,2,14,SBS49,0
mut_1987,1,9935,193,31,2,0,1,1,1,4,SBS49,0
mut_1988,1,9940,300,25,2,1,1,1,2,6,SBS49,0
mut_1989,1,9945,248,1,2,1,1,1,2,47,SBS32,2
mut_1990,1,9950,57,8,2,1,1,1,2,37,SBS32,0
mut_1991,1,9955,388,34,2,1,1,2,3,6,SBS49,0
mut_1992,1,9960,394,105,2,0,1,2,2,33,SBS32,1
mut_1993,1,9965,175,21,2,1,1,1,2,5,SBS49,0
mut_1994,1,9970,140,18,2,1,1,2,3,33,SBS32,0
mut_1995,1,9975,112,20,2,0,1,1,1,6,SBS49,0
mut_1996,1,9980,447,6,2,0,1,1,1,13,SBS32,2
mut_1997,1,9985,100,16,2,0,1,1,1,5,SBS49,0
mut_1998,1,9990,103,12,2,1,1,2,3,8,SBS49,0
mut_1999,1,9995,182,35,2,1,1,1,2,14,SBS49,0
mut_2000,1,10000,145,1,2,1,1,2,3,35,SBS32,2
